CREATE TABLE "TestSteps" (
	`Id`	INTEGER PRIMARY KEY AUTOINCREMENT,
	`Description`	TEXT,
        `Class`         TEXT,
        `Method`        TEXT,
	`NumParameters`	INTEGER
);
CREATE TABLE "TestsToSteps" (
	`Id`	INTEGER PRIMARY KEY AUTOINCREMENT,
	`TestStepId`	INTEGER,
	`TestId`	INTEGER,
        `ExecutionOrder`         INTEGER,
        `Status`        INTEGER
);
CREATE TABLE "TestStepParameters" (
	`Id`	INTEGER PRIMARY KEY AUTOINCREMENT,
	`TestStepId`	INTEGER,
	`TestId`	INTEGER,
        `Value`         TEXT,
        `ParamOrder`    TEXT
);
CREATE TABLE "TestCases" (
	`Id`	INTEGER PRIMARY KEY AUTOINCREMENT,
        `TestGroup`         TEXT,
	`TestCaseIdentifier`	TEXT,
        `TestCaseDescription`   TEXT,
        `Status`        INTEGER,
        `ExpectedStatus` INTEGER,
        `Enabled`   INTEGER
);
CREATE TABLE "TestGroups" (
	`Id`	INTEGER PRIMARY KEY AUTOINCREMENT,
        `GroupDescription`   TEXT
);
CREATE TABLE "GroupsToTestCases" (
	`Id`	INTEGER PRIMARY KEY AUTOINCREMENT,
	`TestGroupId`	INTEGER,
	`TestCaseId`	INTEGER
);
CREATE TABLE "SystemSettings" (
	`Id`	INTEGER PRIMARY KEY AUTOINCREMENT,
	`ReaderName`	TEXT,
	`ApplicationPIN`	TEXT,
	`OutputDirectory`	TEXT,
	`SettingsGroup`	TEXT,
	`GPMasterKey`	TEXT
);
INSERT INTO "TestSteps" VALUES(1,'76.24','gov.gsa.conformancelib.tests.SP800_76_Tests','sp800_76Test_24',NULL);
INSERT INTO "TestSteps" VALUES(2,'CMS.1','gov.gsa.conformanceLib.tests.CMSTests','CMS_Test_1',NULL);
INSERT INTO "TestSteps" VALUES(3,'73-4.23','gov.gsa.conformancelib.tests.X509DataObjectTests','sp800_73_4_Test_23',NULL);
INSERT INTO "TestSteps" VALUES(4,'73-4.11','gov.gsa.conformancelib.tests.SP800_73_4CHUIDTests','sp800_73_4_Test_11',NULL);
INSERT INTO "TestSteps" VALUES(5,'76.42','gov.gsa.conformancelib.tests.SP800_76_Tests','sp800_76Test_42',NULL);
INSERT INTO "TestSteps" VALUES(6,'CMS.23','gov.gsa.conformanceLib.tests.CMSTests','CMS_Test_23',NULL);
INSERT INTO "TestSteps" VALUES(7,'76.31','gov.gsa.conformancelib.tests.SP800_76_Tests','sp800_76Test_31',NULL);
INSERT INTO "TestSteps" VALUES(8,'76.46','gov.gsa.conformancelib.tests.SP800_76_Tests','sp800_76Test_46',NULL);
INSERT INTO "TestSteps" VALUES(9,'PKIX.9','gov.gsa.conformancelib.tests.PKIX_X509DataObjectTests','PKIX_Test_9',NULL);
INSERT INTO "TestSteps" VALUES(10,'76.45','gov.gsa.conformancelib.tests.SP800_76_Tests','sp800_76Test_45',NULL);
INSERT INTO "TestSteps" VALUES(11,'76.48','gov.gsa.conformancelib.tests.SP800_76_Tests','sp800_76Test_48',NULL);
INSERT INTO "TestSteps" VALUES(12,'76.32','gov.gsa.conformancelib.tests.SP800_76_Tests','sp800_76Test_32',NULL);
INSERT INTO "TestSteps" VALUES(13,'76.44','gov.gsa.conformancelib.tests.SP800_76_Tests','sp800_76Test_44',NULL);
INSERT INTO "TestSteps" VALUES(14,'PKIX.20','gov.gsa.conformancelib.tests.PKIX_X509DataObjectTests','PKIX_Test_20',NULL);
INSERT INTO "TestSteps" VALUES(15,'CMS.18','gov.gsa.conformanceLib.tests.CMSTests','CMS_Test_18',NULL);
INSERT INTO "TestSteps" VALUES(16,'CMS.10','gov.gsa.conformanceLib.tests.CMSTests','CMS_Test_10',NULL);
INSERT INTO "TestSteps" VALUES(17,'76.22','gov.gsa.conformancelib.tests.SP800_76_Tests','sp800_76Test_22',NULL);
INSERT INTO "TestSteps" VALUES(18,'CMS.2','gov.gsa.conformanceLib.tests.CMSTests','CMS_Test_2',NULL);
INSERT INTO "TestSteps" VALUES(19,'73-4.21','gov.gsa.conformancelib.tests.X509DataObjectTests','sp800_73_4_Test_21',NULL);
INSERT INTO "TestSteps" VALUES(20,'73-4.36','gov.gsa.conformancelib.tests.SP800_73_4SecurityObjectTests','sp800_73_4_Test_36',NULL);
INSERT INTO "TestSteps" VALUES(21,'PKIX.3','gov.gsa.conformancelib.tests.PKIX_X509DataObjectTests','PKIX_Test_3',NULL);
INSERT INTO "TestSteps" VALUES(22,'76.11','gov.gsa.conformancelib.tests.SP800_76_Tests','sp800_76Test_11',NULL);
INSERT INTO "TestSteps" VALUES(23,'73-4.29','gov.gsa.conformancelib.tests.SP800_73_4PrintedInfoTests','sp800_73_4_Test_29',NULL);
INSERT INTO "TestSteps" VALUES(24,'73-4.17','gov.gsa.conformancelib.tests.SP800_73_4CHUIDTests','sp800_73_4_Test_17',NULL);
INSERT INTO "TestSteps" VALUES(25,'PKIX.7','gov.gsa.conformancelib.tests.PKIX_X509DataObjectTests','PKIX_Test_7',NULL);
INSERT INTO "TestSteps" VALUES(26,'73-4.13','gov.gsa.conformancelib.tests.SP800_73_4CHUIDTests','sp800_73_4_Test_13',NULL);
INSERT INTO "TestSteps" VALUES(27,'76.38','gov.gsa.conformancelib.tests.SP800_76_Tests','sp800_76Test_38',NULL);
INSERT INTO "TestSteps" VALUES(28,'76.17','gov.gsa.conformancelib.tests.SP800_76_Tests','sp800_76Test_17',NULL);
INSERT INTO "TestSteps" VALUES(29,'76.39','gov.gsa.conformancelib.tests.SP800_76_Tests','sp800_76Test_39',NULL);
INSERT INTO "TestSteps" VALUES(30,'76.14','gov.gsa.conformancelib.tests.SP800_76_Tests','sp800_76Test_14',NULL);
INSERT INTO "TestSteps" VALUES(31,'76.29','gov.gsa.conformancelib.tests.SP800_76_Tests','sp800_76Test_29',NULL);
INSERT INTO "TestSteps" VALUES(32,'76.25','gov.gsa.conformancelib.tests.SP800_76_Tests','sp800_76Test_25',NULL);
INSERT INTO "TestSteps" VALUES(33,'73-4.15','gov.gsa.conformancelib.tests.SP800_73_4CHUIDTests','sp800_73_4_Test_15',NULL);
INSERT INTO "TestSteps" VALUES(34,'73-4.30','gov.gsa.conformancelib.tests.SP800_73_4PrintedInfoTests','sp800_73_4_Test_30',NULL);
INSERT INTO "TestSteps" VALUES(35,'CMS.19','gov.gsa.conformanceLib.tests.CMSTests','CMS_Test_19',NULL);
INSERT INTO "TestSteps" VALUES(36,'73-4.28','gov.gsa.conformancelib.tests.SP800_73_4PrintedInfoTests','sp800_73_4_Test_28',NULL);
INSERT INTO "TestSteps" VALUES(37,'73-4.32','gov.gsa.conformancelib.tests.SP800_73_4FacialImageTests','sp800_73_4_Test_32',NULL);
INSERT INTO "TestSteps" VALUES(38,'CMS.3','gov.gsa.conformanceLib.tests.CMSTests','CMS_Test_3',NULL);
INSERT INTO "TestSteps" VALUES(39,'CMS.7','gov.gsa.conformanceLib.tests.CMSTests','CMS_Test_7',NULL);
INSERT INTO "TestSteps" VALUES(40,'CMS.20','gov.gsa.conformanceLib.tests.CMSTests','CMS_Test_20',NULL);
INSERT INTO "TestSteps" VALUES(41,'73-4.2','gov.gsa.conformancelib.tests.SP800_73_4CCCTests','sp800_73_4_Test_2',NULL);
INSERT INTO "TestSteps" VALUES(42,'CMS.16','gov.gsa.conformanceLib.tests.CMSTests','CMS_Test_16',NULL);
INSERT INTO "TestSteps" VALUES(43,'CMS.14','gov.gsa.conformanceLib.tests.CMSTests','CMS_Test_14',NULL);
INSERT INTO "TestSteps" VALUES(44,'PKIX.14','gov.gsa.conformancelib.tests.PKIX_X509DataObjectTests','PKIX_Test_14',NULL);
INSERT INTO "TestSteps" VALUES(45,'76.37','gov.gsa.conformancelib.tests.SP800_76_Tests','sp800_76Test_37',NULL);
INSERT INTO "TestSteps" VALUES(46,'76.18','gov.gsa.conformancelib.tests.SP800_76_Tests','sp800_76Test_18',NULL);
INSERT INTO "TestSteps" VALUES(47,'CMS.12','gov.gsa.conformanceLib.tests.CMSTests','CMS_Test_12',NULL);
INSERT INTO "TestSteps" VALUES(48,'CMS.17','gov.gsa.conformanceLib.tests.CMSTests','CMS_Test_17',NULL);
INSERT INTO "TestSteps" VALUES(49,'73-4.16','gov.gsa.conformancelib.tests.SP800_73_4CHUIDTests','sp800_73_4_Test_16',NULL);
INSERT INTO "TestSteps" VALUES(50,'PKIX.15','gov.gsa.conformancelib.tests.PKIX_X509DataObjectTests','PKIX_Test_15',NULL);
INSERT INTO "TestSteps" VALUES(51,'PKIX.4','gov.gsa.conformancelib.tests.PKIX_X509DataObjectTests','PKIX_Test_4',NULL);
INSERT INTO "TestSteps" VALUES(52,'76.6','gov.gsa.conformancelib.tests.SP800_76_Tests','sp800_76Test_6',NULL);
INSERT INTO "TestSteps" VALUES(53,'PKIX.5','gov.gsa.conformancelib.tests.PKIX_X509DataObjectTests','PKIX_Test_5',NULL);
INSERT INTO "TestSteps" VALUES(54,'76.23','gov.gsa.conformancelib.tests.SP800_76_Tests','sp800_76Test_23',NULL);
INSERT INTO "TestSteps" VALUES(55,'73-4.33','gov.gsa.conformancelib.tests.SP800_73_4SecurityObjectTests','sp800_73_4_Test_33',NULL);
INSERT INTO "TestSteps" VALUES(56,'76.43','gov.gsa.conformancelib.tests.SP800_76_Tests','sp800_76Test_43',NULL);
INSERT INTO "TestSteps" VALUES(57,'76.9','gov.gsa.conformancelib.tests.SP800_76_Tests','sp800_76Test_9',NULL);
INSERT INTO "TestSteps" VALUES(58,'CMS.4','gov.gsa.conformanceLib.tests.CMSTests','CMS_Test_4',NULL);
INSERT INTO "TestSteps" VALUES(59,'76.7','gov.gsa.conformancelib.tests.SP800_76_Tests','sp800_76Test_7',NULL);
INSERT INTO "TestSteps" VALUES(60,'PKIX.11','gov.gsa.conformancelib.tests.PKIX_X509DataObjectTests','PKIX_Test_11',NULL);
INSERT INTO "TestSteps" VALUES(61,'76.40','gov.gsa.conformancelib.tests.SP800_76_Tests','sp800_76Test_40',NULL);
INSERT INTO "TestSteps" VALUES(62,'CMS.21','gov.gsa.conformanceLib.tests.CMSTests','CMS_Test_21',NULL);
INSERT INTO "TestSteps" VALUES(63,'76.20','gov.gsa.conformancelib.tests.SP800_76_Tests','sp800_76Test_20',NULL);
INSERT INTO "TestSteps" VALUES(64,'PKIX.13','gov.gsa.conformancelib.tests.PKIX_X509DataObjectTests','PKIX_Test_13',NULL);
INSERT INTO "TestSteps" VALUES(65,'76.4','gov.gsa.conformancelib.tests.SP800_76_Tests','sp800_76Test_4',NULL);
INSERT INTO "TestSteps" VALUES(66,'76.28','gov.gsa.conformancelib.tests.SP800_76_Tests','sp800_76Test_28',NULL);
INSERT INTO "TestSteps" VALUES(67,'PKIX.18','gov.gsa.conformancelib.tests.PKIX_X509DataObjectTests','PKIX_Test_18',NULL);
INSERT INTO "TestSteps" VALUES(68,'73-4.3','gov.gsa.conformancelib.tests.SP800_73_4CCCTests','sp800_73_4_Test_3',NULL);
INSERT INTO "TestSteps" VALUES(69,'PKIX.12','gov.gsa.conformancelib.tests.PKIX_X509DataObjectTests','PKIX_Test_12',NULL);
INSERT INTO "TestSteps" VALUES(70,'76.30','gov.gsa.conformancelib.tests.SP800_76_Tests','sp800_76Test_30',NULL);
INSERT INTO "TestSteps" VALUES(71,'CMS.13','gov.gsa.conformanceLib.tests.CMSTests','CMS_Test_13',NULL);
INSERT INTO "TestSteps" VALUES(72,'73-4.7','gov.gsa.conformancelib.tests.SP800_73_4CCCTests','sp800_73_4_Test_7',NULL);
INSERT INTO "TestSteps" VALUES(73,'CMS.11','gov.gsa.conformanceLib.tests.CMSTests','CMS_Test_11',NULL);
INSERT INTO "TestSteps" VALUES(74,'PKIX.19','gov.gsa.conformancelib.tests.PKIX_X509DataObjectTests','PKIX_Test_19',NULL);
INSERT INTO "TestSteps" VALUES(75,'73-4.25','gov.gsa.conformancelib.tests.SP800_73_4FingerprintsTests','sp800_73_4_Test_25',NULL);
INSERT INTO "TestSteps" VALUES(76,'BERTLV.3','gov.gsa.conformanceLib.tests.BER_TLVTests','berTLV_Test_3',NULL);
INSERT INTO "TestSteps" VALUES(77,'73-4.35','gov.gsa.conformancelib.tests.SP800_73_4SecurityObjectTests','sp800_73_4_Test_35',NULL);
INSERT INTO "TestSteps" VALUES(78,'BERTLV.1','gov.gsa.conformanceLib.tests.BER_TLVTests','berTLV_Test_1',NULL);
INSERT INTO "TestSteps" VALUES(79,'76.8','gov.gsa.conformancelib.tests.SP800_76_Tests','sp800_76Test_8',NULL);
INSERT INTO "TestSteps" VALUES(80,'73-4.6','gov.gsa.conformancelib.tests.SP800_73_4CCCTests','sp800_73_4_Test_6',NULL);
INSERT INTO "TestSteps" VALUES(81,'73-4.24','gov.gsa.conformancelib.tests.SP800_73_4FingerprintsTests','sp800_73_4_Test_24',NULL);
INSERT INTO "TestSteps" VALUES(82,'76.27','gov.gsa.conformancelib.tests.SP800_76_Tests','sp800_76Test_27',NULL);
INSERT INTO "TestSteps" VALUES(83,'PKIX.10','gov.gsa.conformancelib.tests.PKIX_X509DataObjectTests','PKIX_Test_10',NULL);
INSERT INTO "TestSteps" VALUES(84,'CMS.6','gov.gsa.conformanceLib.tests.CMSTests','CMS_Test_6',NULL);
INSERT INTO "TestSteps" VALUES(85,'78.1','gov.gsa.conformancelib.tests.SP800_78_X509DataObjectTests','sp800_78_Test_1',NULL);
INSERT INTO "TestSteps" VALUES(86,'73-4.4','gov.gsa.conformancelib.tests.SP800_73_4CCCTests','sp800_73_4_Test_4',NULL);
INSERT INTO "TestSteps" VALUES(87,'76.2','gov.gsa.conformancelib.tests.SP800_76_Tests','sp800_76Test_2',NULL);
INSERT INTO "TestSteps" VALUES(88,'BERTLV.2','gov.gsa.conformanceLib.tests.BER_TLVTests','berTLV_Test_2',NULL);
INSERT INTO "TestSteps" VALUES(89,'CMS.8','gov.gsa.conformanceLib.tests.CMSTests','CMS_Test_8',NULL);
INSERT INTO "TestSteps" VALUES(90,'76.12','gov.gsa.conformancelib.tests.SP800_76_Tests','sp800_76Test_12',NULL);
INSERT INTO "TestSteps" VALUES(91,'PKIX.16','gov.gsa.conformancelib.tests.PKIX_X509DataObjectTests','PKIX_Test_16',NULL);
INSERT INTO "TestSteps" VALUES(92,'76.13','gov.gsa.conformancelib.tests.SP800_76_Tests','sp800_76Test_13',NULL);
INSERT INTO "TestSteps" VALUES(93,'PKIX.21','gov.gsa.conformancelib.tests.PKIX_X509DataObjectTests','PKIX_Test_21',NULL);
INSERT INTO "TestSteps" VALUES(94,'76.50','gov.gsa.conformancelib.tests.SP800_76_Tests','sp800_76Test_50',NULL);
INSERT INTO "TestSteps" VALUES(95,'73-4.5','gov.gsa.conformancelib.tests.SP800_73_4CCCTests','sp800_73_4_Test_5',NULL);
INSERT INTO "TestSteps" VALUES(96,'76.15','gov.gsa.conformancelib.tests.SP800_76_Tests','sp800_76Test_15',NULL);
INSERT INTO "TestSteps" VALUES(97,'76.19','gov.gsa.conformancelib.tests.SP800_76_Tests','sp800_76Test_19',NULL);
INSERT INTO "TestSteps" VALUES(98,'78.3','gov.gsa.conformancelib.tests.SP800_78_X509DataObjectTests','sp800_78_Test_3',NULL);
INSERT INTO "TestSteps" VALUES(99,'76.35','gov.gsa.conformancelib.tests.SP800_76_Tests','sp800_76Test_35',NULL);
INSERT INTO "TestSteps" VALUES(100,'PKIX.1','gov.gsa.conformancelib.tests.PKIX_X509DataObjectTests','PKIX_Test_1',NULL);
INSERT INTO "TestSteps" VALUES(101,'73-4.12','gov.gsa.conformancelib.tests.SP800_73_4CHUIDTests','sp800_73_4_Test_12',NULL);
INSERT INTO "TestSteps" VALUES(102,'76.49','gov.gsa.conformancelib.tests.SP800_76_Tests','sp800_76Test_49',NULL);
INSERT INTO "TestSteps" VALUES(103,'76.41','gov.gsa.conformancelib.tests.SP800_76_Tests','sp800_76Test_41',NULL);
INSERT INTO "TestSteps" VALUES(104,'76.16','gov.gsa.conformancelib.tests.SP800_76_Tests','sp800_76Test_16',NULL);
INSERT INTO "TestSteps" VALUES(105,'73-4.14','gov.gsa.conformancelib.tests.SP800_73_4CHUIDTests','sp800_73_4_Test_14',NULL);
INSERT INTO "TestSteps" VALUES(106,'73-4.20','gov.gsa.conformancelib.tests.X509DataObjectTests','sp800_73_4_Test_20',NULL);
INSERT INTO "TestSteps" VALUES(107,'73-4.19','gov.gsa.conformancelib.tests.X509DataObjectTests','sp800_73_4_Test_19',NULL);
INSERT INTO "TestSteps" VALUES(108,'73-4.31','gov.gsa.conformancelib.tests.SP800_73_4PrintedInfoTests','sp800_73_4_Test_31',NULL);
INSERT INTO "TestSteps" VALUES(109,'73-4.10','gov.gsa.conformancelib.tests.SP800_73_4CHUIDTests','sp800_73_4_Test_10',NULL);
INSERT INTO "TestSteps" VALUES(110,'73-4.8','gov.gsa.conformancelib.tests.SP800_73_4CHUIDTests','sp800_73_4_Test_8',NULL);
INSERT INTO "TestSteps" VALUES(111,'76.10','gov.gsa.conformancelib.tests.SP800_76_Tests','sp800_76Test_10',NULL);
INSERT INTO "TestSteps" VALUES(112,'76.33','gov.gsa.conformancelib.tests.SP800_76_Tests','sp800_76Test_33',NULL);
INSERT INTO "TestSteps" VALUES(113,'BERTLV.4','gov.gsa.conformanceLib.tests.BER_TLVTests','berTLV_Test_4',NULL);
INSERT INTO "TestSteps" VALUES(114,'76.3','gov.gsa.conformancelib.tests.SP800_76_Tests','sp800_76Test_3',NULL);
INSERT INTO "TestSteps" VALUES(115,'PKIX.6','gov.gsa.conformancelib.tests.PKIX_X509DataObjectTests','PKIX_Test_6',NULL);
INSERT INTO "TestSteps" VALUES(116,'73-4.22','gov.gsa.conformancelib.tests.X509DataObjectTests','sp800_73_4_Test_22',NULL);
INSERT INTO "TestSteps" VALUES(117,'73-4.26','gov.gsa.conformancelib.tests.SP800_73_4FingerprintsTests','sp800_73_4_Test_26',NULL);
INSERT INTO "TestSteps" VALUES(118,'76.1','gov.gsa.conformancelib.tests.SP800_76_Tests','sp800_76Test_1',NULL);
INSERT INTO "TestSteps" VALUES(119,'76.34','gov.gsa.conformancelib.tests.SP800_76_Tests','sp800_76Test_34',NULL);
INSERT INTO "TestSteps" VALUES(120,'78.2','gov.gsa.conformancelib.tests.SP800_78_X509DataObjectTests','sp800_78_Test_2',NULL);
INSERT INTO "TestSteps" VALUES(121,'CMS.5','gov.gsa.conformanceLib.tests.CMSTests','CMS_Test_5',NULL);
INSERT INTO "TestSteps" VALUES(122,'76.36','gov.gsa.conformancelib.tests.SP800_76_Tests','sp800_76Test_36',NULL);
INSERT INTO "TestSteps" VALUES(123,'73-4.1','gov.gsa.conformancelib.tests.SP800_73_4CCCTests','sp800_73_4_Test_1',NULL);
INSERT INTO "TestSteps" VALUES(124,'PKIX.8','gov.gsa.conformancelib.tests.PKIX_X509DataObjectTests','PKIX_Test_8',NULL);
INSERT INTO "TestSteps" VALUES(125,'73-4.27','gov.gsa.conformancelib.tests.SP800_73_4PrintedInfoTests','sp800_73_4_Test_27',NULL);
INSERT INTO "TestSteps" VALUES(126,'PKIX.2','gov.gsa.conformancelib.tests.PKIX_X509DataObjectTests','PKIX_Test_2',NULL);
INSERT INTO "TestSteps" VALUES(127,'CMS.22','gov.gsa.conformanceLib.tests.CMSTests','CMS_Test_22',NULL);
INSERT INTO "TestSteps" VALUES(128,'CMS.9','gov.gsa.conformanceLib.tests.CMSTests','CMS_Test_9',NULL);
INSERT INTO "TestSteps" VALUES(129,'76.26','gov.gsa.conformancelib.tests.SP800_76_Tests','sp800_76Test_26',NULL);
INSERT INTO "TestSteps" VALUES(130,'CMS.15','gov.gsa.conformanceLib.tests.CMSTests','CMS_Test_15',NULL);
INSERT INTO "TestSteps" VALUES(131,'76.21','gov.gsa.conformancelib.tests.SP800_76_Tests','sp800_76Test_21',NULL);
INSERT INTO "TestSteps" VALUES(132,'76.47','gov.gsa.conformancelib.tests.SP800_76_Tests','sp800_76Test_47',NULL);
INSERT INTO "TestSteps" VALUES(133,'PKIX.17','gov.gsa.conformancelib.tests.PKIX_X509DataObjectTests','PKIX_Test_17',NULL);
INSERT INTO "TestSteps" VALUES(134,'BERTLV.5','gov.gsa.conformanceLib.tests.BER_TLVTests','berTLV_Test_5',NULL);
INSERT INTO "TestSteps" VALUES(135,'73-4.9','gov.gsa.conformancelib.tests.SP800_73_4CHUIDTests','sp800_73_4_Test_9',NULL);
INSERT INTO "TestSteps" VALUES(136,'73-4.34','gov.gsa.conformancelib.tests.SP800_73_4SecurityObjectTests','sp800_73_4_Test_34',NULL);
INSERT INTO "TestSteps" VALUES(137,'73-4.18','gov.gsa.conformancelib.tests.X509DataObjectTests','sp800_73_4_Test_18',NULL);
INSERT INTO "TestSteps" VALUES(138,'76.5','gov.gsa.conformancelib.tests.SP800_76_Tests','sp800_76Test_5',NULL);
INSERT INTO "TestStepParameters" VALUES(1, 5,NULL,'CARDHOLDER_FINGERPRINTS_OID:128',0);
INSERT INTO "TestStepParameters" VALUES(2, 5,NULL,'CARDHOLDER_FACIAL_IMAGE_OID:32',1);
INSERT INTO "TestStepParameters" VALUES(3, 14,NULL,'2.16.840.1.101.3.6.8',0);
INSERT INTO "TestStepParameters" VALUES(4, 27,NULL,'CARDHOLDER_FINGERPRINTS_OID:513',0);
INSERT INTO "TestStepParameters" VALUES(5, 27,NULL,'CARDHOLDER_FACIAL_IMAGE_OID:1281',1);
INSERT INTO "TestStepParameters" VALUES(6, 48,NULL,'2.16.840.1.101.3.6.6',0);
INSERT INTO "TestStepParameters" VALUES(7, 48,NULL,'1.3.6.1.1.16.4',1);
INSERT INTO "TestStepParameters" VALUES(8, 56,NULL,'-2',0);
INSERT INTO "TestStepParameters" VALUES(9, 56,NULL,'100',1);
INSERT INTO "TestStepParameters" VALUES(10, 64,NULL,'15',0);
INSERT INTO "TestStepParameters" VALUES(11, 67,NULL,'2.16.840.1.101.3.2.1.48.13',0);
INSERT INTO "TestStepParameters" VALUES(12, 69,NULL,'2.16.840.1.101.3.6.6',0);
INSERT INTO "TestStepParameters" VALUES(13, 69,NULL,'1.3.6.1.1.16.4',1);
INSERT INTO "TestStepParameters" VALUES(14, 93,NULL,'2.16.840.1.101.3.2.1.48.86',0);
INSERT INTO "TestStepParameters" VALUES(15, 94,NULL,'-2',0);
INSERT INTO "TestStepParameters" VALUES(16, 94,NULL,'100',1);
INSERT INTO "TestStepParameters" VALUES(17, 103,NULL,'CARDHOLDER_FINGERPRINTS_OID:8',0);
INSERT INTO "TestStepParameters" VALUES(18, 103,NULL,'CARDHOLDER_FACIAL_IMAGE_OID:2',1);
INSERT INTO "TestStepParameters" VALUES(19, 115,NULL,'2.16.840.1.101.3.2.1.48.11',0);
INSERT INTO "TestStepParameters" VALUES(20, 130,NULL,'2.16.840.1.101.3.6.7',0);
INSERT INTO "TestCases" VALUES(1, NULL,'8.1','Confirm that CCC of PIV card Applet conforms to SP800-73 Appendix A',NULL, 1, 1);
INSERT INTO "TestCases" VALUES(2, NULL,'8.2','Confirm that CHUID Data Object conforms to SP800-73 Appendix A',NULL, 1, 1);
INSERT INTO "TestCases" VALUES(3, NULL,'8.3','Confirm that X509 Cert for PIV Authentication data object conforms to SP800-73 Appendix A',NULL, 1, 1);
INSERT INTO "TestCases" VALUES(4, NULL,'8.4','Confirm that Card Holder Fingerprints data object conforms to SP800-73 Appendix A',NULL, 1, 1);
INSERT INTO "TestCases" VALUES(5, NULL,'8.5','Confirm that Printed Information data object conforms to SP800-73 Appendix A',NULL, 1, 1);
INSERT INTO "TestCases" VALUES(6, NULL,'8.6','Confirm that Card Holder Facial Image data object conforms to SP800-73 Appendix A',NULL, 1, 1);
INSERT INTO "TestCases" VALUES(7, NULL,'8.7','Confirm that X509 Cert for Digital Signature data object conforms to SP800-73 Appendix A',NULL, 1, 1);
INSERT INTO "TestCases" VALUES(8, NULL,'8.8','Confirm that X509 Cert for Key Management data object conforms to SP800-73 Appendix A',NULL, 1, 1);
INSERT INTO "TestCases" VALUES(9, NULL,'8.9','Confirm that X509 Cert for Card Authentication data object conforms to SP800-73 Appendix A',NULL, 1, 1);
INSERT INTO "TestCases" VALUES(10, NULL,'8.10','Confirm that Security Object data object conforms to SP800-73 Appendix A',NULL, 1, 1);
INSERT INTO "TestCases" VALUES(11, NULL,'9.1.1.1','Validate that CBEFF structure conforms to SP800-76 Table 7',NULL, 1, 1);
INSERT INTO "TestCases" VALUES(12, NULL,'9.1.1.2','BDB length field is non-zero',NULL, 1, 1);
INSERT INTO "TestCases" VALUES(13, NULL,'9.1.1.3','Recorded length matches actual length',NULL, 1, 1);
INSERT INTO "TestCases" VALUES(14, NULL,'9.1.1.4','SB length field is non-zero',NULL, 1, 1);
INSERT INTO "TestCases" VALUES(15, NULL,'9.1.2.1','Card Holder Fingerprint object length equals sum of CBEFF header length + BDB length + SB length',NULL, 1, 1);
INSERT INTO "TestCases" VALUES(16, NULL,'9.1.2.2','Validate that the biometric data block is signed but not encrypted',NULL, 1, 1);
INSERT INTO "TestCases" VALUES(17, NULL,'9.1.2.3','Validate that BDB Format Owner is set to a value of 0x001B denoting M1, the INCITS Technical Committee on Biometrics.',NULL, 1, 1);
INSERT INTO "TestCases" VALUES(18, NULL,'9.1.2.4','Validate that for mandatory fingerprint minutiae template data stored on a PIV card, the BDB Format Type is set to a value of 0x0201',NULL, 1, 1);
INSERT INTO "TestCases" VALUES(19, NULL,'9.1.2.5','Validate that that the creation date in the PIV Patron Format is encoded in 8 bytes using a binary representation of “YYYYMMDDhhmmssZ”',NULL, 1, 1);
INSERT INTO "TestCases" VALUES(20, NULL,'9.1.2.6','Validate date encoding on Validity Period in PIV Patron Format',NULL, 1, 1);
INSERT INTO "TestCases" VALUES(21, NULL,'9.1.2.7','Valdiate that that Biometric Type has the value 0x000008',NULL, 1, 1);
INSERT INTO "TestCases" VALUES(22, NULL,'9.1.2.8','Validate that for the mandatory minutia PIV card templates, the CBEFF biometric data type encoding value shall be b100xxxxx, which corresponds to biometric data that has been processed.',NULL, 1, 1);
INSERT INTO "TestCases" VALUES(23, NULL,'9.1.2.9','Validate that the biometric quality field carries valid values',NULL, 1, 1);
INSERT INTO "TestCases" VALUES(24, NULL,'9.1.2.10','Validate that that the Creator field in the PIV Patron Format contains 18 bytes of which the first K <= 17 bytes shall be ASCII characters, and the first of the remaining 18-K shall be a null terminator (zero)',NULL, 1, 1);
INSERT INTO "TestCases" VALUES(25, NULL,'9.1.2.11','Validate that FASC-N field in the PIV Patron Format contains the same 25 bytes as the FASC-N component of the CHUID identifier',NULL, 1, 1);
INSERT INTO "TestCases" VALUES(26, NULL,'9.1.2.12','Validate that the “Reserved for Future Use” field is equal to 0x00000000',NULL, 1, 1);
INSERT INTO "TestCases" VALUES(27, NULL,'9.2.1','Valdiate that the CBEFF structure generated complies with SP800-76 Table 7, “Simple CBEFF Structure”',NULL, 1, 1);
INSERT INTO "TestCases" VALUES(28, NULL,'9.2.1.a','BDB Length is not zero and recorded length matches actual length',NULL, 1, 1);
INSERT INTO "TestCases" VALUES(29, NULL,'9.2.1.c','SB length field is non-zero',NULL, 1, 1);
INSERT INTO "TestCases" VALUES(30, NULL,'9.2.1.c','Card Holder Facial Image object length equals sum of CBEFF header length + BDB length + SB length',NULL, 1, 1);
INSERT INTO "TestCases" VALUES(31, NULL,'9.2.1.4','Valdiate that the CBEFF structure generated complies with SP800-76 Table 7, “Simple CBEFF Structure”',NULL, 1, 1);
INSERT INTO "TestCases" VALUES(32, NULL,'9.2.2.1','Validate the CBEFF field “Patron Header Version” complies with SP80076 Table 8, “Patron Format PIV Specification”',NULL, 1, 1);
INSERT INTO "TestCases" VALUES(33, NULL,'9.2.2.2','Validate that the biometric data block is signed but not encrypted',NULL, 1, 1);
INSERT INTO "TestCases" VALUES(34, NULL,'9.2.2.3','Validate that BDB Format Owner is set to a value of 0x001B denoting M1, the INCITS Technical Committee on Biometrics.',NULL, 1, 1);
INSERT INTO "TestCases" VALUES(35, NULL,'9.2.2.4','Validate that for optional facial image data stored on a PIV card, the BDB Format Type is set to a value of 0x0501',NULL, 1, 1);
INSERT INTO "TestCases" VALUES(36, NULL,'9.2.2.5','Validate that that the creation date in the PIV Patron Format is encoded in 8 bytes using a binary representation of “YYYYMMDDhhmmssZ”',NULL, 1, 1);
INSERT INTO "TestCases" VALUES(37, NULL,'9.2.2.6','Validate date encoding on Validity Period in PIV Patron Format',NULL, 1, 1);
INSERT INTO "TestCases" VALUES(38, NULL,'9.2.2.7','Validate that Biometric Type has the value 0x000002',NULL, 1, 1);
INSERT INTO "TestCases" VALUES(39, NULL,'9.2.2.8','Validate that the CBEFF biometric data type encoding value shall be b001xxxxx, which corresponds to the raw biometric data',NULL, 1, 1);
INSERT INTO "TestCases" VALUES(40, NULL,'9.2.2.9','The Biometric Data Quality field is -2 or 0 - 100.',NULL, 1, 1);
INSERT INTO "TestCases" VALUES(41, NULL,'9.2.2.10','Validate that that the Creator field in the PIV Patron Format contains 18 bytes of which the first K <= 17 bytes shall be ASCII characters, and the first of the remaining 18-K shall be a null terminator (zero)',NULL, 1, 1);
INSERT INTO "TestCases" VALUES(42, NULL,'9.2.2.11','Validate that FASC-N field in the PIV Patron Format contains the same 25 bytes as the FASC-N component of the CHUID identifier',NULL, 1, 1);
INSERT INTO "TestCases" VALUES(43, NULL,'9.2.2.12','Validate that the “Reserved for Future Use” field is equal to 0x00000000',NULL, 1, 1);
INSERT INTO "TestCases" VALUES(44, NULL,'9.3.1','Validate that the General Record Header of the fingerprint template conforms to specifications in Table 3 of SP80076',NULL, 1, 1);
INSERT INTO "TestCases" VALUES(45, NULL,'9.3.2','Validate that the View Header of the BDB conforms to Table 3 of SP800-76',NULL, 1, 1);
INSERT INTO "TestCases" VALUES(46, NULL,'9.3.3','Validate that each instance of Fingerprint Minutiae data conforms to specifications in Table 3 of SP800-76',NULL, 1, 1);
INSERT INTO "TestCases" VALUES(47, NULL,'9.4.1','Validate that the Record Header of the facial image is conformant to the PIV profile presented in Table 6 of SP800-76',NULL, 1, 1);
INSERT INTO "TestCases" VALUES(48, NULL,'9.4.2','Validate that the Facial Image Instance is conformant to the PIV profile presented in Table 6',NULL, 1, 1);
INSERT INTO "TestCases" VALUES(49, NULL,'10.1.1','Validate that CHUID buffer contains a valid CMS signature',NULL, 1, 1);
INSERT INTO "TestCases" VALUES(50, NULL,'10.1.2','Verify that the certificate used to sign the CHUID is acceptable',NULL, 1, 1);
INSERT INTO "TestCases" VALUES(51, NULL,'10.2.1','Validate that Fingerprint biometric data contains a valid CMS signature',NULL, 1, 1);
INSERT INTO "TestCases" VALUES(52, NULL,'10.2.2','Verify that the certificate used to sign the fingerprint data is acceptable',NULL, 1, 1);
INSERT INTO "TestCases" VALUES(53, NULL,'10.3.1','Validate that Facial image biometric data contains a valid CMS signature',NULL, 1, 1);
INSERT INTO "TestCases" VALUES(54, NULL,'10.3.2','Verify that the certificate used to sign the Facial Image data is acceptable',NULL, 1, 1);
INSERT INTO "TestCases" VALUES(55, NULL,'10.4.1','Verify data integrity of security object',NULL, 1, 1);
INSERT INTO "TestCases" VALUES(56, NULL,'10.4.2','Verify digital signature over security object',NULL, 1, 1);
INSERT INTO "TestCases" VALUES(57, NULL,'11.1.1','Verify algorithm compliance of PIV auth certificate',NULL, 1, 1);
INSERT INTO "TestCases" VALUES(58, NULL,'11.1.2','Verify data integrity of PIV auth certificate',NULL, 1, 1);
INSERT INTO "TestCases" VALUES(59, NULL,'11.2.1','Verify algorithm compliance of Digital Signature certificate',NULL, 1, 1);
INSERT INTO "TestCases" VALUES(60, NULL,'11.2.2','Verify data integrity of Digital Signature certificate',NULL, 1, 1);
INSERT INTO "TestCases" VALUES(61, NULL,'11.3.1','Verify algorithm compliance of Key Management Certificate',NULL, 1, 1);
INSERT INTO "TestCases" VALUES(62, NULL,'11.3.2','Verify data integrity of Key Management Certificate',NULL, 1, 1);
INSERT INTO "TestCases" VALUES(63, NULL,'11.4.1','Verify algorithm compliance of Card Authentication Certificate',NULL, 1, 1);
INSERT INTO "TestCases" VALUES(64, NULL,'11.4.2','Verify data integrity of Card Authentication Certificate',NULL, 1, 1);
INSERT INTO "TestsToSteps" VALUES(1, 78,1,0,NULL);
INSERT INTO "TestsToSteps" VALUES(2, 88,1,1,NULL);
INSERT INTO "TestsToSteps" VALUES(3, 76,1,2,NULL);
INSERT INTO "TestsToSteps" VALUES(4, 113,1,3,NULL);
INSERT INTO "TestsToSteps" VALUES(5, 123,1,4,NULL);
INSERT INTO "TestsToSteps" VALUES(6, 41,1,5,NULL);
INSERT INTO "TestsToSteps" VALUES(7, 68,1,6,NULL);
INSERT INTO "TestsToSteps" VALUES(8, 86,1,7,NULL);
INSERT INTO "TestsToSteps" VALUES(9, 95,1,8,NULL);
INSERT INTO "TestsToSteps" VALUES(10, 80,1,9,NULL);
INSERT INTO "TestsToSteps" VALUES(11, 3,1,10,NULL);
INSERT INTO "TestsToSteps" VALUES(12, 78,2,0,NULL);
INSERT INTO "TestsToSteps" VALUES(13, 88,2,1,NULL);
INSERT INTO "TestsToSteps" VALUES(14, 76,2,2,NULL);
INSERT INTO "TestsToSteps" VALUES(15, 113,2,3,NULL);
INSERT INTO "TestsToSteps" VALUES(16, 110,2,4,NULL);
INSERT INTO "TestsToSteps" VALUES(17, 135,2,5,NULL);
INSERT INTO "TestsToSteps" VALUES(18, 109,2,6,NULL);
INSERT INTO "TestsToSteps" VALUES(19, 4,2,7,NULL);
INSERT INTO "TestsToSteps" VALUES(20, 101,2,8,NULL);
INSERT INTO "TestsToSteps" VALUES(21, 26,2,9,NULL);
INSERT INTO "TestsToSteps" VALUES(22, 105,2,10,NULL);
INSERT INTO "TestsToSteps" VALUES(23, 33,2,11,NULL);
INSERT INTO "TestsToSteps" VALUES(24, 49,2,12,NULL);
INSERT INTO "TestsToSteps" VALUES(25, 24,2,13,NULL);
INSERT INTO "TestsToSteps" VALUES(26, 3,2,14,NULL);
INSERT INTO "TestsToSteps" VALUES(27, 78,3,0,NULL);
INSERT INTO "TestsToSteps" VALUES(28, 88,3,1,NULL);
INSERT INTO "TestsToSteps" VALUES(29, 76,3,2,NULL);
INSERT INTO "TestsToSteps" VALUES(30, 113,3,3,NULL);
INSERT INTO "TestsToSteps" VALUES(31, 137,3,4,NULL);
INSERT INTO "TestsToSteps" VALUES(32, 107,3,5,NULL);
INSERT INTO "TestsToSteps" VALUES(33, 106,3,6,NULL);
INSERT INTO "TestsToSteps" VALUES(34, 19,3,7,NULL);
INSERT INTO "TestsToSteps" VALUES(35, 116,3,8,NULL);
INSERT INTO "TestsToSteps" VALUES(36, 3,3,9,NULL);
INSERT INTO "TestsToSteps" VALUES(37, 78,4,0,NULL);
INSERT INTO "TestsToSteps" VALUES(38, 88,4,1,NULL);
INSERT INTO "TestsToSteps" VALUES(39, 76,4,2,NULL);
INSERT INTO "TestsToSteps" VALUES(40, 113,4,3,NULL);
INSERT INTO "TestsToSteps" VALUES(41, 81,4,4,NULL);
INSERT INTO "TestsToSteps" VALUES(42, 75,4,5,NULL);
INSERT INTO "TestsToSteps" VALUES(43, 117,4,6,NULL);
INSERT INTO "TestsToSteps" VALUES(44, 3,4,7,NULL);
INSERT INTO "TestsToSteps" VALUES(45, 78,5,0,NULL);
INSERT INTO "TestsToSteps" VALUES(46, 88,5,1,NULL);
INSERT INTO "TestsToSteps" VALUES(47, 76,5,2,NULL);
INSERT INTO "TestsToSteps" VALUES(48, 113,5,3,NULL);
INSERT INTO "TestsToSteps" VALUES(49, 125,5,4,NULL);
INSERT INTO "TestsToSteps" VALUES(50, 36,5,5,NULL);
INSERT INTO "TestsToSteps" VALUES(51, 23,5,6,NULL);
INSERT INTO "TestsToSteps" VALUES(52, 34,5,7,NULL);
INSERT INTO "TestsToSteps" VALUES(53, 108,5,8,NULL);
INSERT INTO "TestsToSteps" VALUES(54, 3,5,9,NULL);
INSERT INTO "TestsToSteps" VALUES(55, 78,6,0,NULL);
INSERT INTO "TestsToSteps" VALUES(56, 88,6,1,NULL);
INSERT INTO "TestsToSteps" VALUES(57, 76,6,2,NULL);
INSERT INTO "TestsToSteps" VALUES(58, 113,6,3,NULL);
INSERT INTO "TestsToSteps" VALUES(59, 37,6,4,NULL);
INSERT INTO "TestsToSteps" VALUES(60, 75,6,5,NULL);
INSERT INTO "TestsToSteps" VALUES(61, 117,6,6,NULL);
INSERT INTO "TestsToSteps" VALUES(62, 3,6,7,NULL);
INSERT INTO "TestsToSteps" VALUES(63, 78,7,0,NULL);
INSERT INTO "TestsToSteps" VALUES(64, 88,7,1,NULL);
INSERT INTO "TestsToSteps" VALUES(65, 76,7,2,NULL);
INSERT INTO "TestsToSteps" VALUES(66, 113,7,3,NULL);
INSERT INTO "TestsToSteps" VALUES(67, 137,7,4,NULL);
INSERT INTO "TestsToSteps" VALUES(68, 107,7,5,NULL);
INSERT INTO "TestsToSteps" VALUES(69, 106,7,6,NULL);
INSERT INTO "TestsToSteps" VALUES(70, 19,7,7,NULL);
INSERT INTO "TestsToSteps" VALUES(71, 116,7,8,NULL);
INSERT INTO "TestsToSteps" VALUES(72, 3,7,9,NULL);
INSERT INTO "TestsToSteps" VALUES(73, 78,8,0,NULL);
INSERT INTO "TestsToSteps" VALUES(74, 88,8,1,NULL);
INSERT INTO "TestsToSteps" VALUES(75, 76,8,2,NULL);
INSERT INTO "TestsToSteps" VALUES(76, 113,8,3,NULL);
INSERT INTO "TestsToSteps" VALUES(77, 137,8,4,NULL);
INSERT INTO "TestsToSteps" VALUES(78, 107,8,5,NULL);
INSERT INTO "TestsToSteps" VALUES(79, 106,8,6,NULL);
INSERT INTO "TestsToSteps" VALUES(80, 19,8,7,NULL);
INSERT INTO "TestsToSteps" VALUES(81, 116,8,8,NULL);
INSERT INTO "TestsToSteps" VALUES(82, 3,8,9,NULL);
INSERT INTO "TestsToSteps" VALUES(83, 78,9,0,NULL);
INSERT INTO "TestsToSteps" VALUES(84, 88,9,1,NULL);
INSERT INTO "TestsToSteps" VALUES(85, 76,9,2,NULL);
INSERT INTO "TestsToSteps" VALUES(86, 113,9,3,NULL);
INSERT INTO "TestsToSteps" VALUES(87, 137,9,4,NULL);
INSERT INTO "TestsToSteps" VALUES(88, 107,9,5,NULL);
INSERT INTO "TestsToSteps" VALUES(89, 106,9,6,NULL);
INSERT INTO "TestsToSteps" VALUES(90, 19,9,7,NULL);
INSERT INTO "TestsToSteps" VALUES(91, 116,9,8,NULL);
INSERT INTO "TestsToSteps" VALUES(92, 3,9,9,NULL);
INSERT INTO "TestsToSteps" VALUES(93, 78,10,0,NULL);
INSERT INTO "TestsToSteps" VALUES(94, 88,10,1,NULL);
INSERT INTO "TestsToSteps" VALUES(95, 76,10,2,NULL);
INSERT INTO "TestsToSteps" VALUES(96, 113,10,3,NULL);
INSERT INTO "TestsToSteps" VALUES(97, 55,10,4,NULL);
INSERT INTO "TestsToSteps" VALUES(98, 136,10,5,NULL);
INSERT INTO "TestsToSteps" VALUES(99, 77,10,6,NULL);
INSERT INTO "TestsToSteps" VALUES(100, 20,10,7,NULL);
INSERT INTO "TestsToSteps" VALUES(101, 3,10,8,NULL);
INSERT INTO "TestsToSteps" VALUES(102, 118,11,0,NULL);
INSERT INTO "TestsToSteps" VALUES(103, 87,12,0,NULL);
INSERT INTO "TestsToSteps" VALUES(104, 114,13,0,NULL);
INSERT INTO "TestsToSteps" VALUES(105, 65,14,0,NULL);
INSERT INTO "TestsToSteps" VALUES(106, 138,15,0,NULL);
INSERT INTO "TestsToSteps" VALUES(107, 52,16,0,NULL);
INSERT INTO "TestsToSteps" VALUES(108, 59,17,0,NULL);
INSERT INTO "TestsToSteps" VALUES(109, 27,18,0,NULL);
INSERT INTO "TestsToSteps" VALUES(110, 29,19,0,NULL);
INSERT INTO "TestsToSteps" VALUES(111, 61,20,0,NULL);
INSERT INTO "TestsToSteps" VALUES(112, 103,21,0,NULL);
INSERT INTO "TestsToSteps" VALUES(113, 5,22,0,NULL);
INSERT INTO "TestsToSteps" VALUES(114, 56,23,0,NULL);
INSERT INTO "TestsToSteps" VALUES(115, 13,24,0,NULL);
INSERT INTO "TestsToSteps" VALUES(116, 10,25,0,NULL);
INSERT INTO "TestsToSteps" VALUES(117, 8,26,0,NULL);
INSERT INTO "TestsToSteps" VALUES(118, 118,27,0,NULL);
INSERT INTO "TestsToSteps" VALUES(119, 87,28,0,NULL);
INSERT INTO "TestsToSteps" VALUES(120, 114,30,0,NULL);
INSERT INTO "TestsToSteps" VALUES(121, 79,120,0,NULL);
INSERT INTO "TestsToSteps" VALUES(122, 138,32,0,NULL);
INSERT INTO "TestsToSteps" VALUES(123, 52,33,0,NULL);
INSERT INTO "TestsToSteps" VALUES(124, 59,34,0,NULL);
INSERT INTO "TestsToSteps" VALUES(125, 27,35,0,NULL);
INSERT INTO "TestsToSteps" VALUES(126, 29,36,0,NULL);
INSERT INTO "TestsToSteps" VALUES(127, 61,37,0,NULL);
INSERT INTO "TestsToSteps" VALUES(128, 103,38,0,NULL);
INSERT INTO "TestsToSteps" VALUES(129, 5,39,0,NULL);
INSERT INTO "TestsToSteps" VALUES(130, 56,40,0,NULL);
INSERT INTO "TestsToSteps" VALUES(131, 13,41,0,NULL);
INSERT INTO "TestsToSteps" VALUES(132, 10,42,0,NULL);
INSERT INTO "TestsToSteps" VALUES(133, 8,43,0,NULL);
INSERT INTO "TestsToSteps" VALUES(134, 57,44,0,NULL);
INSERT INTO "TestsToSteps" VALUES(135, 111,44,1,NULL);
INSERT INTO "TestsToSteps" VALUES(136, 22,44,2,NULL);
INSERT INTO "TestsToSteps" VALUES(137, 90,44,3,NULL);
INSERT INTO "TestsToSteps" VALUES(138, 92,44,4,NULL);
INSERT INTO "TestsToSteps" VALUES(139, 30,44,5,NULL);
INSERT INTO "TestsToSteps" VALUES(140, 96,44,6,NULL);
INSERT INTO "TestsToSteps" VALUES(141, 104,44,7,NULL);
INSERT INTO "TestsToSteps" VALUES(142, 28,44,8,NULL);
INSERT INTO "TestsToSteps" VALUES(143, 46,44,9,NULL);
INSERT INTO "TestsToSteps" VALUES(144, 97,45,0,NULL);
INSERT INTO "TestsToSteps" VALUES(145, 63,45,1,NULL);
INSERT INTO "TestsToSteps" VALUES(146, 131,45,2,NULL);
INSERT INTO "TestsToSteps" VALUES(147, 17,45,3,NULL);
INSERT INTO "TestsToSteps" VALUES(148, 54,45,4,NULL);
INSERT INTO "TestsToSteps" VALUES(149, 1,46,0,NULL);
INSERT INTO "TestsToSteps" VALUES(150, 32,46,1,NULL);
INSERT INTO "TestsToSteps" VALUES(151, 129,46,2,NULL);
INSERT INTO "TestsToSteps" VALUES(152, 82,46,3,NULL);
INSERT INTO "TestsToSteps" VALUES(153, 66,46,4,NULL);
INSERT INTO "TestsToSteps" VALUES(154, 31,47,0,NULL);
INSERT INTO "TestsToSteps" VALUES(155, 70,47,1,NULL);
INSERT INTO "TestsToSteps" VALUES(156, 7,47,2,NULL);
INSERT INTO "TestsToSteps" VALUES(157, 12,47,3,NULL);
INSERT INTO "TestsToSteps" VALUES(158, 112,47,4,NULL);
INSERT INTO "TestsToSteps" VALUES(159, 119,48,0,NULL);
INSERT INTO "TestsToSteps" VALUES(160, 99,48,1,NULL);
INSERT INTO "TestsToSteps" VALUES(161, 122,48,2,NULL);
INSERT INTO "TestsToSteps" VALUES(162, 45,48,3,NULL);
INSERT INTO "TestsToSteps" VALUES(163, 2,49,0,NULL);
INSERT INTO "TestsToSteps" VALUES(164, 18,49,1,NULL);
INSERT INTO "TestsToSteps" VALUES(165, 38,49,2,NULL);
INSERT INTO "TestsToSteps" VALUES(166, 58,49,3,NULL);
INSERT INTO "TestsToSteps" VALUES(167, 121,49,4,NULL);
INSERT INTO "TestsToSteps" VALUES(168, 84,49,5,NULL);
INSERT INTO "TestsToSteps" VALUES(169, 39,49,6,NULL);
INSERT INTO "TestsToSteps" VALUES(170, 89,49,7,NULL);
INSERT INTO "TestsToSteps" VALUES(171, 128,49,8,NULL);
INSERT INTO "TestsToSteps" VALUES(172, 16,49,9,NULL);
INSERT INTO "TestsToSteps" VALUES(173, 73,49,10,NULL);
INSERT INTO "TestsToSteps" VALUES(174, 47,49,11,NULL);
INSERT INTO "TestsToSteps" VALUES(175, 71,49,12,NULL);
INSERT INTO "TestsToSteps" VALUES(176, 43,49,13,NULL);
INSERT INTO "TestsToSteps" VALUES(177, 85,49,14,NULL);
INSERT INTO "TestsToSteps" VALUES(178, 120,49,15,NULL);
INSERT INTO "TestsToSteps" VALUES(179, 98,49,16,NULL);
INSERT INTO "TestsToSteps" VALUES(180, 130,50,0,NULL);
INSERT INTO "TestsToSteps" VALUES(181, 85,50,1,NULL);
INSERT INTO "TestsToSteps" VALUES(182, 120,50,2,NULL);
INSERT INTO "TestsToSteps" VALUES(183, 2,51,0,NULL);
INSERT INTO "TestsToSteps" VALUES(184, 18,51,1,NULL);
INSERT INTO "TestsToSteps" VALUES(185, 38,51,2,NULL);
INSERT INTO "TestsToSteps" VALUES(186, 58,51,3,NULL);
INSERT INTO "TestsToSteps" VALUES(187, 121,51,4,NULL);
INSERT INTO "TestsToSteps" VALUES(188, 84,51,5,NULL);
INSERT INTO "TestsToSteps" VALUES(189, 39,51,6,NULL);
INSERT INTO "TestsToSteps" VALUES(190, 89,51,7,NULL);
INSERT INTO "TestsToSteps" VALUES(191, 128,51,8,NULL);
INSERT INTO "TestsToSteps" VALUES(192, 16,51,9,NULL);
INSERT INTO "TestsToSteps" VALUES(193, 42,51,10,NULL);
INSERT INTO "TestsToSteps" VALUES(194, 48,51,11,NULL);
INSERT INTO "TestsToSteps" VALUES(195, 47,51,12,NULL);
INSERT INTO "TestsToSteps" VALUES(196, 71,51,13,NULL);
INSERT INTO "TestsToSteps" VALUES(197, 43,51,14,NULL);
INSERT INTO "TestsToSteps" VALUES(198, 85,51,15,NULL);
INSERT INTO "TestsToSteps" VALUES(199, 120,51,16,NULL);
INSERT INTO "TestsToSteps" VALUES(200, 98,51,17,NULL);
INSERT INTO "TestsToSteps" VALUES(201, 130,52,0,NULL);
INSERT INTO "TestsToSteps" VALUES(202, 85,52,1,NULL);
INSERT INTO "TestsToSteps" VALUES(203, 120,52,2,NULL);
INSERT INTO "TestsToSteps" VALUES(204, 2,53,0,NULL);
INSERT INTO "TestsToSteps" VALUES(205, 18,53,1,NULL);
INSERT INTO "TestsToSteps" VALUES(206, 38,53,2,NULL);
INSERT INTO "TestsToSteps" VALUES(207, 58,53,3,NULL);
INSERT INTO "TestsToSteps" VALUES(208, 121,53,4,NULL);
INSERT INTO "TestsToSteps" VALUES(209, 84,53,5,NULL);
INSERT INTO "TestsToSteps" VALUES(210, 39,53,6,NULL);
INSERT INTO "TestsToSteps" VALUES(211, 89,53,7,NULL);
INSERT INTO "TestsToSteps" VALUES(212, 128,53,8,NULL);
INSERT INTO "TestsToSteps" VALUES(213, 16,53,9,NULL);
INSERT INTO "TestsToSteps" VALUES(214, 42,53,10,NULL);
INSERT INTO "TestsToSteps" VALUES(215, 48,53,11,NULL);
INSERT INTO "TestsToSteps" VALUES(216, 47,53,12,NULL);
INSERT INTO "TestsToSteps" VALUES(217, 71,53,13,NULL);
INSERT INTO "TestsToSteps" VALUES(218, 43,53,14,NULL);
INSERT INTO "TestsToSteps" VALUES(219, 85,53,15,NULL);
INSERT INTO "TestsToSteps" VALUES(220, 120,53,16,NULL);
INSERT INTO "TestsToSteps" VALUES(221, 98,53,17,NULL);
INSERT INTO "TestsToSteps" VALUES(222, 130,54,0,NULL);
INSERT INTO "TestsToSteps" VALUES(223, 85,54,1,NULL);
INSERT INTO "TestsToSteps" VALUES(224, 120,54,2,NULL);
INSERT INTO "TestsToSteps" VALUES(225, 55,55,0,NULL);
INSERT INTO "TestsToSteps" VALUES(226, 136,55,1,NULL);
INSERT INTO "TestsToSteps" VALUES(227, 77,55,2,NULL);
INSERT INTO "TestsToSteps" VALUES(228, 20,55,3,NULL);
INSERT INTO "TestsToSteps" VALUES(229, 2,56,0,NULL);
INSERT INTO "TestsToSteps" VALUES(230, 15,56,1,NULL);
INSERT INTO "TestsToSteps" VALUES(231, 35,56,2,NULL);
INSERT INTO "TestsToSteps" VALUES(232, 40,56,3,NULL);
INSERT INTO "TestsToSteps" VALUES(233, 62,56,4,NULL);
INSERT INTO "TestsToSteps" VALUES(234, 127,56,5,NULL);
INSERT INTO "TestsToSteps" VALUES(235, 6,56,6,NULL);
INSERT INTO "TestsToSteps" VALUES(236, 100,57,0,NULL);
INSERT INTO "TestsToSteps" VALUES(237, 126,58,0,NULL);
INSERT INTO "TestsToSteps" VALUES(238, 21,58,1,NULL);
INSERT INTO "TestsToSteps" VALUES(239, 51,58,2,NULL);
INSERT INTO "TestsToSteps" VALUES(240, 53,58,3,NULL);
INSERT INTO "TestsToSteps" VALUES(241, 115,58,4,NULL);
INSERT INTO "TestsToSteps" VALUES(242, 25,58,5,NULL);
INSERT INTO "TestsToSteps" VALUES(243, 124,58,6,NULL);
INSERT INTO "TestsToSteps" VALUES(244, 9,58,7,NULL);
INSERT INTO "TestsToSteps" VALUES(245, 83,58,8,NULL);
INSERT INTO "TestsToSteps" VALUES(246, 60,58,9,NULL);
INSERT INTO "TestsToSteps" VALUES(247, 69,58,10,NULL);
INSERT INTO "TestsToSteps" VALUES(248, 64,58,11,NULL);
INSERT INTO "TestsToSteps" VALUES(249, 44,58,12,NULL);
INSERT INTO "TestsToSteps" VALUES(250, 100,59,0,NULL);
INSERT INTO "TestsToSteps" VALUES(251, 126,60,0,NULL);
INSERT INTO "TestsToSteps" VALUES(252, 50,60,1,NULL);
INSERT INTO "TestsToSteps" VALUES(253, 51,60,2,NULL);
INSERT INTO "TestsToSteps" VALUES(254, 60,60,3,NULL);
INSERT INTO "TestsToSteps" VALUES(255, 64,60,4,NULL);
INSERT INTO "TestsToSteps" VALUES(256, 44,60,5,NULL);
INSERT INTO "TestsToSteps" VALUES(257, 100,61,0,NULL);
INSERT INTO "TestsToSteps" VALUES(258, 126,62,0,NULL);
INSERT INTO "TestsToSteps" VALUES(259, 91,62,1,NULL);
INSERT INTO "TestsToSteps" VALUES(260, 133,62,2,NULL);
INSERT INTO "TestsToSteps" VALUES(261, 51,62,3,NULL);
INSERT INTO "TestsToSteps" VALUES(262, 60,62,4,NULL);
INSERT INTO "TestsToSteps" VALUES(263, 44,62,5,NULL);
INSERT INTO "TestsToSteps" VALUES(264, 100,63,0,NULL);
INSERT INTO "TestsToSteps" VALUES(265, 126,64,0,NULL);
INSERT INTO "TestsToSteps" VALUES(266, 21,64,1,NULL);
INSERT INTO "TestsToSteps" VALUES(267, 51,64,2,NULL);
INSERT INTO "TestsToSteps" VALUES(268, 53,64,3,NULL);
INSERT INTO "TestsToSteps" VALUES(269, 67,64,4,NULL);
INSERT INTO "TestsToSteps" VALUES(270, 74,64,5,NULL);
INSERT INTO "TestsToSteps" VALUES(271, 14,64,6,NULL);
INSERT INTO "TestsToSteps" VALUES(272, 25,64,7,NULL);
INSERT INTO "TestsToSteps" VALUES(273, 124,64,8,NULL);
INSERT INTO "TestsToSteps" VALUES(274, 9,64,9,NULL);
INSERT INTO "TestsToSteps" VALUES(275, 83,64,10,NULL);
INSERT INTO "TestsToSteps" VALUES(276, 60,64,11,NULL);
INSERT INTO "TestsToSteps" VALUES(277, 83,64,12,NULL);
INSERT INTO "TestsToSteps" VALUES(278, 44,64,13,NULL);
