# file	sha256
bad-signature.der	ccebf11e2af1004ea107f080cf251dd1701c4da8837b3394e44a68d13d936afa
expired.der	d4e857dab98336768da0971a049e286235576a2e9825120a96d707f347607044
malformed.der	210395d25f04dc642d8d48cdd0009ed86602ddca41c765f7eebb2789d91278ad
no-policy.der	272af147c241b99f125860bc565d8527fc205ce940c42c67b7b316307ad08bff
policy-01.der	d1cd7d3bdf8199909ef0fbe1dbcf56ea5648cd58c6e1bedd980ea009b7735a16
policy-02.der	6e2e1f556a2d7bb71f8496e953048934bba1033d638db6b35ba296bf6af749dd
policy-03.der	067e0a17497273772d58053283688c34f49cc6107b9a8aea35322993f4db70ad
policy-04.der	e8417b280056d5762f1391e7e6605571f5ebf5758d735416f015135a14eb6bf6
policy-05.der	90e58b09e78b44e7ab6d5e08489965e25473c5672d5425537514c0ba5c198934
policy-06.der	e067cd31a5dfd2beb59751aa65f7724f4c794e1888bc2a70ea2557e720a59e68
policy-07.der	631073301ef0791f4be6ed3d4688f748a7b8290466eea8d0c5b50cb5800065bf
policy-08.der	f694e56771dc4edd37e9a6133b4bbcc5a0287bfefd8560b6ff6a564f8ab8f4de
policy-09.der	13fb4a5d096998c8e691fad723bc3f34731998a1a59b9cd1c9c20c5a78ea517b
policy-10.der	ae50358f1e70660bfb51aa8b759ff103a57c6aca2a63b8add4557ac22dab9542
policy-11.der	3d920ea710698c508b050079ea75342f418de782f71cee47dd04e32d8b80db8c
policy-12.der	ebccdea9b7097f2253867aca5192a6b21c6fe79dd78fbbd517b6609ea5f649f2
root.der	f7864cdf7849f7bd84673d62e5864ff4db90b351d74a6e13bce930c725ba7881
