# id	method	expected-rule-or-PASS	hex
uuid-link-correct	cardUuid	PASS	302f862d75726e3a757569643a30303131323233332d343435352d343637372d383839392d616162626363646465656666
uuid-link-upper	cardUuid	PASS	302f862d55524e3a555549443a30303131323233332d343435352d343637372d383839392d414142424343444445454646
uuid-link-bare	cardUuid	73-UUID-CERT-LINK	3026862430303131323233332d343435352d343637372d383839392d616162626363646465656666
uuid-link-multiple	cardUuid	PASS	3077861768747470733a2f2f6578616d706c652e696e76616c6964862d75726e3a757569643a30303131323233332d343435352d343637372d383839392d616162626363646465656666862d75726e3a757569643a31313232333334342d353536362d343737382d383839392d616162626363646465656666
uuid-link-mismatch	cardUuid	73-UUID-CERT-LINK	302f862d75726e3a757569643a31313232333334342d353536362d343737382d383839392d616162626363646465656666
uuid-link-wrong-prefix	cardUuid	73-UUID-CERT-LINK	302e862c68747470733a2f2f30303131323233332d343435352d343637372d383839392d616162626363646465656666
uuid-link-short-groups	cardUuid	73-UUID-CERT-LINK	3014861275726e3a757569643a312d322d332d342d35
uuid-link-no-hyphens	cardUuid	73-UUID-CERT-LINK	302b862975726e3a757569643a3030313132323333343435353436373738383939616162626363646465656666
uuid-link-trailing	cardUuid	73-UUID-CERT-LINK	3030862e75726e3a757569643a30303131323233332d343435352d343637372d383839392d61616262636364646565666678
uuid-link-empty	cardUuid	73-UUID-CERT-LINK	3000
uuid-link-truncated	cardUuid	73-UUID-CERT-LINK	302f862d75726e3a757569643a30303131323233332d343435352d343637372d383839392d6161626263636464656566
cbeff-header-valid	fingerprintHeader	PASS	030d000000010001001b0201141a091e0c00005a141a091e0c00005a1420091e0c00005a0000088064546573744f6e6c7900000000000000000000000102030405060708090a0b0c0d0e0f101112131415161718000000000101
cbeff-version	fingerprintHeader	76-CBEFF-HEADER	020d000000010001001b0201141a091e0c00005a141a091e0c00005a1420091e0c00005a0000088064546573744f6e6c7900000000000000000000000102030405060708090a0b0c0d0e0f101112131415161718000000000101
cbeff-encrypted	fingerprintHeader	76-CBEFF-HEADER	030f000000010001001b0201141a091e0c00005a141a091e0c00005a1420091e0c00005a0000088064546573744f6e6c7900000000000000000000000102030405060708090a0b0c0d0e0f101112131415161718000000000101
cbeff-owner	fingerprintHeader	76-CBEFF-HEADER	030d000000010001011b0201141a091e0c00005a141a091e0c00005a1420091e0c00005a0000088064546573744f6e6c7900000000000000000000000102030405060708090a0b0c0d0e0f101112131415161718000000000101
cbeff-format	fingerprintHeader	76-CBEFF-HEADER	030d000000010001001b0202141a091e0c00005a141a091e0c00005a1420091e0c00005a0000088064546573744f6e6c7900000000000000000000000102030405060708090a0b0c0d0e0f101112131415161718000000000101
cbeff-modality	fingerprintHeader	76-CBEFF-HEADER	030d000000010001001b0201141a091e0c00005a141a091e0c00005a1420091e0c00005a0000028064546573744f6e6c7900000000000000000000000102030405060708090a0b0c0d0e0f101112131415161718000000000101
cbeff-processing	fingerprintHeader	76-CBEFF-HEADER	030d000000010001001b0201141a091e0c00005a141a091e0c00005a1420091e0c00005a0000082064546573744f6e6c7900000000000000000000000102030405060708090a0b0c0d0e0f101112131415161718000000000101
cbeff-quality-high	fingerprintHeader	76-CBEFF-HEADER	030d000000010001001b0201141a091e0c00005a141a091e0c00005a1420091e0c00005a0000088065546573744f6e6c7900000000000000000000000102030405060708090a0b0c0d0e0f101112131415161718000000000101
cbeff-quality-low	fingerprintHeader	76-CBEFF-HEADER	030d000000010001001b0201141a091e0c00005a141a091e0c00005a1420091e0c00005a00000880fd546573744f6e6c7900000000000000000000000102030405060708090a0b0c0d0e0f101112131415161718000000000101
cbeff-rfu	fingerprintHeader	76-CBEFF-HEADER	030d000000010001001b0201141a091e0c00005a141a091e0c00005a1420091e0c00005a0000088064546573744f6e6c7900000000000000000000000102030405060708090a0b0c0d0e0f101112131415161718010000000101
cbeff-fascn-link	fingerprintHeader	76-CBEFF-HEADER	030d000000010001001b0201141a091e0c00005a141a091e0c00005a1420091e0c00005a0000088064546573744f6e6c7900000000000000000000ff0102030405060708090a0b0c0d0e0f101112131415161718000000000101
cbeff-year-pair	fingerprintHeader	76-CBEFF-HEADER	030d000000010001001b0201641a091e0c00005a141a091e0c00005a1420091e0c00005a0000088064546573744f6e6c7900000000000000000000000102030405060708090a0b0c0d0e0f101112131415161718000000000101
cbeff-month	fingerprintHeader	76-CBEFF-HEADER	030d000000010001001b0201141a0d1e0c00005a141a091e0c00005a1420091e0c00005a0000088064546573744f6e6c7900000000000000000000000102030405060708090a0b0c0d0e0f101112131415161718000000000101
cbeff-calendar	fingerprintHeader	76-CBEFF-HEADER	030d000000010001001b0201141a091f0c00005a141a091e0c00005a1420091e0c00005a0000088064546573744f6e6c7900000000000000000000000102030405060708090a0b0c0d0e0f101112131415161718000000000101
cbeff-hour	fingerprintHeader	76-CBEFF-HEADER	030d000000010001001b0201141a091e1800005a141a091e0c00005a1420091e0c00005a0000088064546573744f6e6c7900000000000000000000000102030405060708090a0b0c0d0e0f101112131415161718000000000101
cbeff-utc	fingerprintHeader	76-CBEFF-HEADER	030d000000010001001b0201141a091e0c00007a141a091e0c00005a1420091e0c00005a0000088064546573744f6e6c7900000000000000000000000102030405060708090a0b0c0d0e0f101112131415161718000000000101
cbeff-start-before-creation	fingerprintHeader	76-CBEFF-HEADER	030d000000010001001b0201141a091e0c00005a131a091e0c00005a1420091e0c00005a0000088064546573744f6e6c7900000000000000000000000102030405060708090a0b0c0d0e0f101112131415161718000000000101
cbeff-creator-control	fingerprintHeader	76-CBEFF-HEADER	030d000000010001001b0201141a091e0c00005a141a091e0c00005a1420091e0c00005a00000880641f6573744f6e6c7900000000000000000000000102030405060708090a0b0c0d0e0f101112131415161718000000000101
cbeff-quality--2	fingerprintHeader	PASS	030d000000010001001b0201141a091e0c00005a141a091e0c00005a1420091e0c00005a00000880fe546573744f6e6c7900000000000000000000000102030405060708090a0b0c0d0e0f101112131415161718000000000101
cbeff-quality--1	fingerprintHeader	PASS	030d000000010001001b0201141a091e0c00005a141a091e0c00005a1420091e0c00005a00000880ff546573744f6e6c7900000000000000000000000102030405060708090a0b0c0d0e0f101112131415161718000000000101
cbeff-quality-0	fingerprintHeader	PASS	030d000000010001001b0201141a091e0c00005a141a091e0c00005a1420091e0c00005a0000088000546573744f6e6c7900000000000000000000000102030405060708090a0b0c0d0e0f101112131415161718000000000101
cbeff-quality-100	fingerprintHeader	PASS	030d000000010001001b0201141a091e0c00005a141a091e0c00005a1420091e0c00005a0000088064546573744f6e6c7900000000000000000000000102030405060708090a0b0c0d0e0f101112131415161718000000000101
cbeff-bdb-0	fingerprintHeader	76-CBEFF-HEADER	030d000000000001001b0201141a091e0c00005a141a091e0c00005a1420091e0c00005a0000088064546573744f6e6c7900000000000000000000000102030405060708090a0b0c0d0e0f101112131415161718000000000101
cbeff-bdb-1	fingerprintHeader	PASS	030d000000010001001b0201141a091e0c00005a141a091e0c00005a1420091e0c00005a0000088064546573744f6e6c7900000000000000000000000102030405060708090a0b0c0d0e0f101112131415161718000000000101
cbeff-bdb-4294967295	fingerprintHeader	76-CBEFF-HEADER	030dffffffff0001001b0201141a091e0c00005a141a091e0c00005a1420091e0c00005a0000088064546573744f6e6c7900000000000000000000000102030405060708090a0b0c0d0e0f101112131415161718000000000101
cbeff-empty-signature	fingerprintHeader	76-CBEFF-HEADER	030d000000010000001b0201141a091e0c00005a141a091e0c00005a1420091e0c00005a0000088064546573744f6e6c7900000000000000000000000102030405060708090a0b0c0d0e0f101112131415161718000000000101
cbeff-no-creator-terminator	fingerprintHeader	76-CBEFF-HEADER	030d000000010001001b0201141a091e0c00005a141a091e0c00005a1420091e0c00005a0000088064414141414141414141414141414141414141000102030405060708090a0b0c0d0e0f101112131415161718000000000101
cbeff-creator-17	fingerprintHeader	PASS	030d000000010001001b0201141a091e0c00005a141a091e0c00005a1420091e0c00005a0000088064414141414141414141414141414141414100000102030405060708090a0b0c0d0e0f101112131415161718000000000101
cbeff-truncated-0	fingerprintHeader	76-CBEFF-HEADER	
cbeff-truncated-8	fingerprintHeader	76-CBEFF-HEADER	030d000000010001
cbeff-truncated-87	fingerprintHeader	76-CBEFF-HEADER	030d000000010001001b0201141a091e0c00005a141a091e0c00005a1420091e0c00005a0000088064546573744f6e6c7900000000000000000000000102030405060708090a0b0c0d0e0f101112131415161718000000
cbeff-truncated-88	fingerprintHeader	76-CBEFF-HEADER	030d000000010001001b0201141a091e0c00005a141a091e0c00005a1420091e0c00005a0000088064546573744f6e6c7900000000000000000000000102030405060708090a0b0c0d0e0f10111213141516171800000000
cbeff-truncated-89	fingerprintHeader	76-CBEFF-HEADER	030d000000010001001b0201141a091e0c00005a141a091e0c00005a1420091e0c00005a0000088064546573744f6e6c7900000000000000000000000102030405060708090a0b0c0d0e0f1011121314151617180000000001
