PRAGMA foreign_keys=OFF;
BEGIN TRANSACTION;
CREATE TABLE IF NOT EXISTS "TestSteps" (
	`Id`	INTEGER PRIMARY KEY AUTOINCREMENT,
	`Description`	TEXT,
        `Class`         TEXT,
        `Method`        TEXT,
	`NumParameters`	INTEGER
);
INSERT INTO TestSteps VALUES(1,'73-4.6','gov.gsa.conformancelib.tests.SP800_73_4CCCTests','sp800_73_4_Test_6',NULL);
INSERT INTO TestSteps VALUES(2,'CMS.7','gov.gsa.conformanceLib.tests.CMSTests','CMS_Test_7',NULL);
INSERT INTO TestSteps VALUES(3,'76.20','gov.gsa.conformancelib.tests.SP800_76_Tests','sp800_76Test_20',NULL);
INSERT INTO TestSteps VALUES(4,'76.2','gov.gsa.conformancelib.tests.SP800_76_Tests','sp800_76Test_2',NULL);
INSERT INTO TestSteps VALUES(5,'PKIX.9','gov.gsa.conformancelib.tests.PKIX_X509DataObjectTests','PKIX_Test_9',NULL);
INSERT INTO TestSteps VALUES(6,'CMS.21','gov.gsa.conformanceLib.tests.CMSTests','CMS_Test_21',NULL);
INSERT INTO TestSteps VALUES(7,'73-4.33','gov.gsa.conformancelib.tests.SP800_73_4SecurityObjectTests','sp800_73_4_Test_33',NULL);
INSERT INTO TestSteps VALUES(8,'CMS.23','gov.gsa.conformanceLib.tests.CMSTests','CMS_Test_23',NULL);
INSERT INTO TestSteps VALUES(9,'73-4.4','gov.gsa.conformancelib.tests.SP800_73_4CCCTests','sp800_73_4_Test_4',NULL);
INSERT INTO TestSteps VALUES(10,'PKIX.11','gov.gsa.conformancelib.tests.PKIX_X509DataObjectTests','PKIX_Test_11',NULL);
INSERT INTO TestSteps VALUES(11,'76.21','gov.gsa.conformancelib.tests.SP800_76_Tests','sp800_76Test_21',NULL);
INSERT INTO TestSteps VALUES(12,'PKIX.14','gov.gsa.conformancelib.tests.PKIX_X509DataObjectTests','PKIX_Test_14',NULL);
INSERT INTO TestSteps VALUES(13,'73-4.10','gov.gsa.conformancelib.tests.SP800_73_4CHUIDTests','sp800_73_4_Test_10',NULL);
INSERT INTO TestSteps VALUES(14,'PKIX.7','gov.gsa.conformancelib.tests.PKIX_X509DataObjectTests','PKIX_Test_7',NULL);
INSERT INTO TestSteps VALUES(15,'73-4.15','gov.gsa.conformancelib.tests.SP800_73_4CHUIDTests','sp800_73_4_Test_15',NULL);
INSERT INTO TestSteps VALUES(16,'73-4.16','gov.gsa.conformancelib.tests.SP800_73_4CHUIDTests','sp800_73_4_Test_16',NULL);
INSERT INTO TestSteps VALUES(17,'CMS.6','gov.gsa.conformanceLib.tests.CMSTests','CMS_Test_6',NULL);
INSERT INTO TestSteps VALUES(18,'PKIX.10','gov.gsa.conformancelib.tests.PKIX_X509DataObjectTests','PKIX_Test_10',NULL);
INSERT INTO TestSteps VALUES(19,'76.30','gov.gsa.conformancelib.tests.SP800_76_Tests','sp800_76Test_30',NULL);
INSERT INTO TestSteps VALUES(20,'76.31','gov.gsa.conformancelib.tests.SP800_76_Tests','sp800_76Test_31',NULL);
INSERT INTO TestSteps VALUES(21,'CMS.19','gov.gsa.conformanceLib.tests.CMSTests','CMS_Test_19',NULL);
INSERT INTO TestSteps VALUES(22,'78.3','gov.gsa.conformancelib.tests.SP800_78_X509DataObjectTests','sp800_78_Test_3',NULL);
INSERT INTO TestSteps VALUES(23,'76.29','gov.gsa.conformancelib.tests.SP800_76_Tests','sp800_76Test_29',NULL);
INSERT INTO TestSteps VALUES(24,'BERTLV.2','gov.gsa.conformanceLib.tests.BER_TLVTests','berTLV_Test_2',NULL);
INSERT INTO TestSteps VALUES(25,'76.5','gov.gsa.conformancelib.tests.SP800_76_Tests','sp800_76Test_5',NULL);
INSERT INTO TestSteps VALUES(26,'CMS.13','gov.gsa.conformanceLib.tests.CMSTests','CMS_Test_13',NULL);
INSERT INTO TestSteps VALUES(27,'CMS.10','gov.gsa.conformanceLib.tests.CMSTests','CMS_Test_10',NULL);
INSERT INTO TestSteps VALUES(28,'PKIX.4','gov.gsa.conformancelib.tests.PKIX_X509DataObjectTests','PKIX_Test_4',NULL);
INSERT INTO TestSteps VALUES(29,'CMS.15','gov.gsa.conformanceLib.tests.CMSTests','CMS_Test_15',NULL);
INSERT INTO TestSteps VALUES(30,'CMS.17','gov.gsa.conformanceLib.tests.CMSTests','CMS_Test_17',NULL);
INSERT INTO TestSteps VALUES(31,'76.19','gov.gsa.conformancelib.tests.SP800_76_Tests','sp800_76Test_19',NULL);
INSERT INTO TestSteps VALUES(32,'CMS.14','gov.gsa.conformanceLib.tests.CMSTests','CMS_Test_14',NULL);
INSERT INTO TestSteps VALUES(33,'73-4.13','gov.gsa.conformancelib.tests.SP800_73_4CHUIDTests','sp800_73_4_Test_13',NULL);
INSERT INTO TestSteps VALUES(34,'73-4.23','gov.gsa.conformancelib.tests.X509DataObjectTests','sp800_73_4_Test_23',NULL);
INSERT INTO TestSteps VALUES(35,'CMS.9','gov.gsa.conformanceLib.tests.CMSTests','CMS_Test_9',NULL);
INSERT INTO TestSteps VALUES(36,'73-4.35','gov.gsa.conformancelib.tests.SP800_73_4SecurityObjectTests','sp800_73_4_Test_35',NULL);
INSERT INTO TestSteps VALUES(37,'PKIX.6','gov.gsa.conformancelib.tests.PKIX_X509DataObjectTests','PKIX_Test_6',NULL);
INSERT INTO TestSteps VALUES(38,'73-4.18','gov.gsa.conformancelib.tests.X509DataObjectTests','sp800_73_4_Test_18',NULL);
INSERT INTO TestSteps VALUES(39,'73-4.27','gov.gsa.conformancelib.tests.SP800_73_4PrintedInfoTests','sp800_73_4_Test_27',NULL);
INSERT INTO TestSteps VALUES(40,'76.37','gov.gsa.conformancelib.tests.SP800_76_Tests','sp800_76Test_37',NULL);
INSERT INTO TestSteps VALUES(41,'76.16','gov.gsa.conformancelib.tests.SP800_76_Tests','sp800_76Test_16',NULL);
INSERT INTO TestSteps VALUES(42,'76.25','gov.gsa.conformancelib.tests.SP800_76_Tests','sp800_76Test_25',NULL);
INSERT INTO TestSteps VALUES(43,'73-4.3','gov.gsa.conformancelib.tests.SP800_73_4CCCTests','sp800_73_4_Test_3',NULL);
INSERT INTO TestSteps VALUES(44,'73-4.7','gov.gsa.conformancelib.tests.SP800_73_4CCCTests','sp800_73_4_Test_7',NULL);
INSERT INTO TestSteps VALUES(45,'73-4.30','gov.gsa.conformancelib.tests.SP800_73_4PrintedInfoTests','sp800_73_4_Test_30',NULL);
INSERT INTO TestSteps VALUES(46,'CMS.3','gov.gsa.conformanceLib.tests.CMSTests','CMS_Test_3',NULL);
INSERT INTO TestSteps VALUES(47,'76.27','gov.gsa.conformancelib.tests.SP800_76_Tests','sp800_76Test_27',NULL);
INSERT INTO TestSteps VALUES(48,'73-4.8','gov.gsa.conformancelib.tests.SP800_73_4CHUIDTests','sp800_73_4_Test_8',NULL);
INSERT INTO TestSteps VALUES(49,'76.32','gov.gsa.conformancelib.tests.SP800_76_Tests','sp800_76Test_32',NULL);
INSERT INTO TestSteps VALUES(50,'73-4.26','gov.gsa.conformancelib.tests.SP800_73_4FingerprintsTests','sp800_73_4_Test_26',NULL);
INSERT INTO TestSteps VALUES(51,'PKIX.18','gov.gsa.conformancelib.tests.PKIX_X509DataObjectTests','PKIX_Test_18',NULL);
INSERT INTO TestSteps VALUES(52,'76.1','gov.gsa.conformancelib.tests.SP800_76_Tests','sp800_76Test_1',NULL);
INSERT INTO TestSteps VALUES(53,'76.28','gov.gsa.conformancelib.tests.SP800_76_Tests','sp800_76Test_28',NULL);
INSERT INTO TestSteps VALUES(54,'73-4.1','gov.gsa.conformancelib.tests.SP800_73_4CCCTests','sp800_73_4_Test_1',NULL);
INSERT INTO TestSteps VALUES(55,'76.7','gov.gsa.conformancelib.tests.SP800_76_Tests','sp800_76Test_7',NULL);
INSERT INTO TestSteps VALUES(56,'BERTLV.1','gov.gsa.conformanceLib.tests.BER_TLVTests','berTLV_Test_1',NULL);
INSERT INTO TestSteps VALUES(57,'76.35','gov.gsa.conformancelib.tests.SP800_76_Tests','sp800_76Test_35',NULL);
INSERT INTO TestSteps VALUES(58,'CMS.4','gov.gsa.conformanceLib.tests.CMSTests','CMS_Test_4',NULL);
INSERT INTO TestSteps VALUES(59,'BERTLV.3','gov.gsa.conformanceLib.tests.BER_TLVTests','berTLV_Test_3',NULL);
INSERT INTO TestSteps VALUES(60,'73-4.28','gov.gsa.conformancelib.tests.SP800_73_4PrintedInfoTests','sp800_73_4_Test_28',NULL);
INSERT INTO TestSteps VALUES(61,'CMS.1','gov.gsa.conformanceLib.tests.CMSTests','CMS_Test_1',NULL);
INSERT INTO TestSteps VALUES(62,'CMS.18','gov.gsa.conformanceLib.tests.CMSTests','CMS_Test_18',NULL);
INSERT INTO TestSteps VALUES(63,'PKIX.12','gov.gsa.conformancelib.tests.PKIX_X509DataObjectTests','PKIX_Test_12',NULL);
INSERT INTO TestSteps VALUES(64,'76.23','gov.gsa.conformancelib.tests.SP800_76_Tests','sp800_76Test_23',NULL);
INSERT INTO TestSteps VALUES(65,'76.24','gov.gsa.conformancelib.tests.SP800_76_Tests','sp800_76Test_24',NULL);
INSERT INTO TestSteps VALUES(66,'76.10','gov.gsa.conformancelib.tests.SP800_76_Tests','sp800_76Test_10',NULL);
INSERT INTO TestSteps VALUES(67,'76.33','gov.gsa.conformancelib.tests.SP800_76_Tests','sp800_76Test_33',NULL);
INSERT INTO TestSteps VALUES(68,'76.13','gov.gsa.conformancelib.tests.SP800_76_Tests','sp800_76Test_13',NULL);
INSERT INTO TestSteps VALUES(69,'73-4.32','gov.gsa.conformancelib.tests.SP800_73_4FacialImageTests','sp800_73_4_Test_32',NULL);
INSERT INTO TestSteps VALUES(70,'CMS.12','gov.gsa.conformanceLib.tests.CMSTests','CMS_Test_12',NULL);
INSERT INTO TestSteps VALUES(71,'76.36','gov.gsa.conformancelib.tests.SP800_76_Tests','sp800_76Test_36',NULL);
INSERT INTO TestSteps VALUES(72,'BERTLV.4','gov.gsa.conformanceLib.tests.BER_TLVTests','berTLV_Test_4',NULL);
INSERT INTO TestSteps VALUES(73,'CMS.20','gov.gsa.conformanceLib.tests.CMSTests','CMS_Test_20',NULL);
INSERT INTO TestSteps VALUES(74,'PKIX.13','gov.gsa.conformancelib.tests.PKIX_X509DataObjectTests','PKIX_Test_13',NULL);
INSERT INTO TestSteps VALUES(75,'PKIX.19','gov.gsa.conformancelib.tests.PKIX_X509DataObjectTests','PKIX_Test_19',NULL);
INSERT INTO TestSteps VALUES(76,'73-4.31','gov.gsa.conformancelib.tests.SP800_73_4PrintedInfoTests','sp800_73_4_Test_31',NULL);
INSERT INTO TestSteps VALUES(77,'73-4.21','gov.gsa.conformancelib.tests.X509DataObjectTests','sp800_73_4_Test_21',NULL);
INSERT INTO TestSteps VALUES(78,'73-4.24','gov.gsa.conformancelib.tests.SP800_73_4FingerprintsTests','sp800_73_4_Test_24',NULL);
INSERT INTO TestSteps VALUES(79,'73-4.34','gov.gsa.conformancelib.tests.SP800_73_4SecurityObjectTests','sp800_73_4_Test_34',NULL);
INSERT INTO TestSteps VALUES(80,'PKIX.21','gov.gsa.conformancelib.tests.PKIX_X509DataObjectTests','PKIX_Test_21',NULL);
INSERT INTO TestSteps VALUES(81,'PKIX.17','gov.gsa.conformancelib.tests.PKIX_X509DataObjectTests','PKIX_Test_17',NULL);
INSERT INTO TestSteps VALUES(82,'76.9','gov.gsa.conformancelib.tests.SP800_76_Tests','sp800_76Test_9',NULL);
INSERT INTO TestSteps VALUES(83,'73-4.12','gov.gsa.conformancelib.tests.SP800_73_4CHUIDTests','sp800_73_4_Test_12',NULL);
INSERT INTO TestSteps VALUES(84,'CMS.5','gov.gsa.conformanceLib.tests.CMSTests','CMS_Test_5',NULL);
INSERT INTO TestSteps VALUES(85,'73-4.19','gov.gsa.conformancelib.tests.X509DataObjectTests','sp800_73_4_Test_19',NULL);
INSERT INTO TestSteps VALUES(86,'73-4.17','gov.gsa.conformancelib.tests.SP800_73_4CHUIDTests','sp800_73_4_Test_17',NULL);
INSERT INTO TestSteps VALUES(87,'PKIX.2','gov.gsa.conformancelib.tests.PKIX_X509DataObjectTests','PKIX_Test_2',NULL);
INSERT INTO TestSteps VALUES(88,'76.22','gov.gsa.conformancelib.tests.SP800_76_Tests','sp800_76Test_22',NULL);
INSERT INTO TestSteps VALUES(89,'PKIX.5','gov.gsa.conformancelib.tests.PKIX_X509DataObjectTests','PKIX_Test_5',NULL);
INSERT INTO TestSteps VALUES(90,'73-4.5','gov.gsa.conformancelib.tests.SP800_73_4CCCTests','sp800_73_4_Test_5',NULL);
INSERT INTO TestSteps VALUES(91,'73-4.22','gov.gsa.conformancelib.tests.X509DataObjectTests','sp800_73_4_Test_22',NULL);
INSERT INTO TestSteps VALUES(92,'76.6','gov.gsa.conformancelib.tests.SP800_76_Tests','sp800_76Test_6',NULL);
INSERT INTO TestSteps VALUES(93,'76.34','gov.gsa.conformancelib.tests.SP800_76_Tests','sp800_76Test_34',NULL);
INSERT INTO TestSteps VALUES(94,'73-4.36','gov.gsa.conformancelib.tests.SP800_73_4SecurityObjectTests','sp800_73_4_Test_36',NULL);
INSERT INTO TestSteps VALUES(95,'73-4.14','gov.gsa.conformancelib.tests.SP800_73_4CHUIDTests','sp800_73_4_Test_14',NULL);
INSERT INTO TestSteps VALUES(96,'BERTLV.5','gov.gsa.conformanceLib.tests.BER_TLVTests','berTLV_Test_5',NULL);
INSERT INTO TestSteps VALUES(97,'73-4.9','gov.gsa.conformancelib.tests.SP800_73_4CHUIDTests','sp800_73_4_Test_9',NULL);
INSERT INTO TestSteps VALUES(98,'CMS.16','gov.gsa.conformanceLib.tests.CMSTests','CMS_Test_16',NULL);
INSERT INTO TestSteps VALUES(99,'73-4.2','gov.gsa.conformancelib.tests.SP800_73_4CCCTests','sp800_73_4_Test_2',NULL);
INSERT INTO TestSteps VALUES(100,'PKIX.8','gov.gsa.conformancelib.tests.PKIX_X509DataObjectTests','PKIX_Test_8',NULL);
INSERT INTO TestSteps VALUES(101,'78.2','gov.gsa.conformancelib.tests.SP800_78_X509DataObjectTests','sp800_78_Test_2',NULL);
INSERT INTO TestSteps VALUES(102,'PKIX.20','gov.gsa.conformancelib.tests.PKIX_X509DataObjectTests','PKIX_Test_20',NULL);
INSERT INTO TestSteps VALUES(103,'76.14','gov.gsa.conformancelib.tests.SP800_76_Tests','sp800_76Test_14',NULL);
INSERT INTO TestSteps VALUES(104,'73-4.20','gov.gsa.conformancelib.tests.X509DataObjectTests','sp800_73_4_Test_20',NULL);
INSERT INTO TestSteps VALUES(105,'CMS.11','gov.gsa.conformanceLib.tests.CMSTests','CMS_Test_11',NULL);
INSERT INTO TestSteps VALUES(106,'76.17','gov.gsa.conformancelib.tests.SP800_76_Tests','sp800_76Test_17',NULL);
INSERT INTO TestSteps VALUES(107,'76.12','gov.gsa.conformancelib.tests.SP800_76_Tests','sp800_76Test_12',NULL);
INSERT INTO TestSteps VALUES(108,'PKIX.15','gov.gsa.conformancelib.tests.PKIX_X509DataObjectTests','PKIX_Test_15',NULL);
INSERT INTO TestSteps VALUES(109,'CMS.22','gov.gsa.conformanceLib.tests.CMSTests','CMS_Test_22',NULL);
INSERT INTO TestSteps VALUES(110,'76.3','gov.gsa.conformancelib.tests.SP800_76_Tests','sp800_76Test_3',NULL);
INSERT INTO TestSteps VALUES(111,'76.8','gov.gsa.conformancelib.tests.SP800_76_Tests','sp800_76Test_8',NULL);
INSERT INTO TestSteps VALUES(112,'CMS.8','gov.gsa.conformanceLib.tests.CMSTests','CMS_Test_8',NULL);
INSERT INTO TestSteps VALUES(113,'76.15','gov.gsa.conformancelib.tests.SP800_76_Tests','sp800_76Test_15',NULL);
INSERT INTO TestSteps VALUES(114,'73-4.29','gov.gsa.conformancelib.tests.SP800_73_4PrintedInfoTests','sp800_73_4_Test_29',NULL);
INSERT INTO TestSteps VALUES(115,'76.11','gov.gsa.conformancelib.tests.SP800_76_Tests','sp800_76Test_11',NULL);
INSERT INTO TestSteps VALUES(116,'PKIX.1','gov.gsa.conformancelib.tests.PKIX_X509DataObjectTests','PKIX_Test_1',NULL);
INSERT INTO TestSteps VALUES(117,'76.4','gov.gsa.conformancelib.tests.SP800_76_Tests','sp800_76Test_4',NULL);
INSERT INTO TestSteps VALUES(118,'PKIX.3','gov.gsa.conformancelib.tests.PKIX_X509DataObjectTests','PKIX_Test_3',NULL);
INSERT INTO TestSteps VALUES(119,'CMS.2','gov.gsa.conformanceLib.tests.CMSTests','CMS_Test_2',NULL);
INSERT INTO TestSteps VALUES(120,'73-4.25','gov.gsa.conformancelib.tests.SP800_73_4FingerprintsTests','sp800_73_4_Test_25',NULL);
INSERT INTO TestSteps VALUES(121,'73-4.11','gov.gsa.conformancelib.tests.SP800_73_4CHUIDTests','sp800_73_4_Test_11',NULL);
INSERT INTO TestSteps VALUES(122,'78.1','gov.gsa.conformancelib.tests.SP800_78_X509DataObjectTests','sp800_78_Test_1',NULL);
INSERT INTO TestSteps VALUES(123,'76.18','gov.gsa.conformancelib.tests.SP800_76_Tests','sp800_76Test_18',NULL);
INSERT INTO TestSteps VALUES(124,'PKIX.16','gov.gsa.conformancelib.tests.PKIX_X509DataObjectTests','PKIX_Test_16',NULL);
INSERT INTO TestSteps VALUES(125,'76.26','gov.gsa.conformancelib.tests.SP800_76_Tests','sp800_76Test_26',NULL);
CREATE TABLE IF NOT EXISTS "TestsToSteps" (
	`Id`	INTEGER PRIMARY KEY AUTOINCREMENT,
	`TestStepId`	INTEGER,
	`TestId`	INTEGER,
        `ExecutionOrder`         INTEGER,
        `Status`        INTEGER
);
INSERT INTO TestsToSteps VALUES(1,56,1,0,NULL);
INSERT INTO TestsToSteps VALUES(2,24,1,1,NULL);
INSERT INTO TestsToSteps VALUES(3,59,1,2,NULL);
INSERT INTO TestsToSteps VALUES(4,72,1,3,NULL);
INSERT INTO TestsToSteps VALUES(5,54,1,4,NULL);
INSERT INTO TestsToSteps VALUES(6,99,1,5,NULL);
INSERT INTO TestsToSteps VALUES(7,43,1,6,NULL);
INSERT INTO TestsToSteps VALUES(8,9,1,7,NULL);
INSERT INTO TestsToSteps VALUES(9,90,1,8,NULL);
INSERT INTO TestsToSteps VALUES(10,1,1,9,NULL);
INSERT INTO TestsToSteps VALUES(11,34,1,10,NULL);
INSERT INTO TestsToSteps VALUES(12,56,2,0,NULL);
INSERT INTO TestsToSteps VALUES(13,24,2,1,NULL);
INSERT INTO TestsToSteps VALUES(14,59,2,2,NULL);
INSERT INTO TestsToSteps VALUES(15,72,2,3,NULL);
INSERT INTO TestsToSteps VALUES(16,48,2,4,NULL);
INSERT INTO TestsToSteps VALUES(17,97,2,5,NULL);
INSERT INTO TestsToSteps VALUES(18,13,2,6,NULL);
INSERT INTO TestsToSteps VALUES(19,121,2,7,NULL);
INSERT INTO TestsToSteps VALUES(20,83,2,8,NULL);
INSERT INTO TestsToSteps VALUES(21,33,2,9,NULL);
INSERT INTO TestsToSteps VALUES(22,95,2,10,NULL);
INSERT INTO TestsToSteps VALUES(23,15,2,11,NULL);
INSERT INTO TestsToSteps VALUES(24,16,2,12,NULL);
INSERT INTO TestsToSteps VALUES(25,86,2,13,NULL);
INSERT INTO TestsToSteps VALUES(26,34,2,14,NULL);
INSERT INTO TestsToSteps VALUES(27,56,3,0,NULL);
INSERT INTO TestsToSteps VALUES(28,24,3,1,NULL);
INSERT INTO TestsToSteps VALUES(29,59,3,2,NULL);
INSERT INTO TestsToSteps VALUES(30,72,3,3,NULL);
INSERT INTO TestsToSteps VALUES(31,38,3,4,NULL);
INSERT INTO TestsToSteps VALUES(32,85,3,5,NULL);
INSERT INTO TestsToSteps VALUES(33,104,3,6,NULL);
INSERT INTO TestsToSteps VALUES(34,77,3,7,NULL);
INSERT INTO TestsToSteps VALUES(35,91,3,8,NULL);
INSERT INTO TestsToSteps VALUES(36,34,3,9,NULL);
INSERT INTO TestsToSteps VALUES(37,56,4,0,NULL);
INSERT INTO TestsToSteps VALUES(38,24,4,1,NULL);
INSERT INTO TestsToSteps VALUES(39,59,4,2,NULL);
INSERT INTO TestsToSteps VALUES(40,72,4,3,NULL);
INSERT INTO TestsToSteps VALUES(41,78,4,4,NULL);
INSERT INTO TestsToSteps VALUES(42,120,4,5,NULL);
INSERT INTO TestsToSteps VALUES(43,50,4,6,NULL);
INSERT INTO TestsToSteps VALUES(44,34,4,7,NULL);
INSERT INTO TestsToSteps VALUES(45,56,5,0,NULL);
INSERT INTO TestsToSteps VALUES(46,24,5,1,NULL);
INSERT INTO TestsToSteps VALUES(47,59,5,2,NULL);
INSERT INTO TestsToSteps VALUES(48,72,5,3,NULL);
INSERT INTO TestsToSteps VALUES(49,39,5,4,NULL);
INSERT INTO TestsToSteps VALUES(50,60,5,5,NULL);
INSERT INTO TestsToSteps VALUES(51,114,5,6,NULL);
INSERT INTO TestsToSteps VALUES(52,45,5,7,NULL);
INSERT INTO TestsToSteps VALUES(53,76,5,8,NULL);
INSERT INTO TestsToSteps VALUES(54,34,5,9,NULL);
INSERT INTO TestsToSteps VALUES(55,56,6,0,NULL);
INSERT INTO TestsToSteps VALUES(56,24,6,1,NULL);
INSERT INTO TestsToSteps VALUES(57,59,6,2,NULL);
INSERT INTO TestsToSteps VALUES(58,72,6,3,NULL);
INSERT INTO TestsToSteps VALUES(59,69,6,4,NULL);
INSERT INTO TestsToSteps VALUES(60,120,6,5,NULL);
INSERT INTO TestsToSteps VALUES(61,50,6,6,NULL);
INSERT INTO TestsToSteps VALUES(62,34,6,7,NULL);
INSERT INTO TestsToSteps VALUES(63,56,7,0,NULL);
INSERT INTO TestsToSteps VALUES(64,24,7,1,NULL);
INSERT INTO TestsToSteps VALUES(65,59,7,2,NULL);
INSERT INTO TestsToSteps VALUES(66,72,7,3,NULL);
INSERT INTO TestsToSteps VALUES(67,38,7,4,NULL);
INSERT INTO TestsToSteps VALUES(68,85,7,5,NULL);
INSERT INTO TestsToSteps VALUES(69,104,7,6,NULL);
INSERT INTO TestsToSteps VALUES(70,77,7,7,NULL);
INSERT INTO TestsToSteps VALUES(71,91,7,8,NULL);
INSERT INTO TestsToSteps VALUES(72,34,7,9,NULL);
INSERT INTO TestsToSteps VALUES(73,56,8,0,NULL);
INSERT INTO TestsToSteps VALUES(74,24,8,1,NULL);
INSERT INTO TestsToSteps VALUES(75,59,8,2,NULL);
INSERT INTO TestsToSteps VALUES(76,72,8,3,NULL);
INSERT INTO TestsToSteps VALUES(77,38,8,4,NULL);
INSERT INTO TestsToSteps VALUES(78,85,8,5,NULL);
INSERT INTO TestsToSteps VALUES(79,104,8,6,NULL);
INSERT INTO TestsToSteps VALUES(80,77,8,7,NULL);
INSERT INTO TestsToSteps VALUES(81,91,8,8,NULL);
INSERT INTO TestsToSteps VALUES(82,34,8,9,NULL);
INSERT INTO TestsToSteps VALUES(83,56,9,0,NULL);
INSERT INTO TestsToSteps VALUES(84,24,9,1,NULL);
INSERT INTO TestsToSteps VALUES(85,59,9,2,NULL);
INSERT INTO TestsToSteps VALUES(86,72,9,3,NULL);
INSERT INTO TestsToSteps VALUES(87,38,9,4,NULL);
INSERT INTO TestsToSteps VALUES(88,85,9,5,NULL);
INSERT INTO TestsToSteps VALUES(89,104,9,6,NULL);
INSERT INTO TestsToSteps VALUES(90,77,9,7,NULL);
INSERT INTO TestsToSteps VALUES(91,91,9,8,NULL);
INSERT INTO TestsToSteps VALUES(92,34,9,9,NULL);
INSERT INTO TestsToSteps VALUES(93,56,10,0,NULL);
INSERT INTO TestsToSteps VALUES(94,24,10,1,NULL);
INSERT INTO TestsToSteps VALUES(95,59,10,2,NULL);
INSERT INTO TestsToSteps VALUES(96,72,10,3,NULL);
INSERT INTO TestsToSteps VALUES(97,7,10,4,NULL);
INSERT INTO TestsToSteps VALUES(98,79,10,5,NULL);
INSERT INTO TestsToSteps VALUES(99,36,10,6,NULL);
INSERT INTO TestsToSteps VALUES(100,94,10,7,NULL);
INSERT INTO TestsToSteps VALUES(101,34,10,8,NULL);
INSERT INTO TestsToSteps VALUES(102,52,11,0,NULL);
INSERT INTO TestsToSteps VALUES(103,4,11,1,NULL);
INSERT INTO TestsToSteps VALUES(104,110,11,2,NULL);
INSERT INTO TestsToSteps VALUES(105,117,11,3,NULL);
INSERT INTO TestsToSteps VALUES(106,25,12,0,NULL);
INSERT INTO TestsToSteps VALUES(107,92,13,0,NULL);
INSERT INTO TestsToSteps VALUES(108,55,14,0,NULL);
INSERT INTO TestsToSteps VALUES(109,52,24,0,NULL);
INSERT INTO TestsToSteps VALUES(110,4,24,1,NULL);
INSERT INTO TestsToSteps VALUES(111,110,24,2,NULL);
INSERT INTO TestsToSteps VALUES(112,111,24,3,NULL);
INSERT INTO TestsToSteps VALUES(113,25,25,0,NULL);
INSERT INTO TestsToSteps VALUES(114,92,26,0,NULL);
INSERT INTO TestsToSteps VALUES(115,55,27,0,NULL);
INSERT INTO TestsToSteps VALUES(116,82,37,0,NULL);
INSERT INTO TestsToSteps VALUES(117,66,37,1,NULL);
INSERT INTO TestsToSteps VALUES(118,115,37,2,NULL);
INSERT INTO TestsToSteps VALUES(119,107,37,3,NULL);
INSERT INTO TestsToSteps VALUES(120,68,37,4,NULL);
INSERT INTO TestsToSteps VALUES(121,103,37,5,NULL);
INSERT INTO TestsToSteps VALUES(122,113,37,6,NULL);
INSERT INTO TestsToSteps VALUES(123,41,37,7,NULL);
INSERT INTO TestsToSteps VALUES(124,106,37,8,NULL);
INSERT INTO TestsToSteps VALUES(125,123,37,9,NULL);
INSERT INTO TestsToSteps VALUES(126,31,38,0,NULL);
INSERT INTO TestsToSteps VALUES(127,3,38,1,NULL);
INSERT INTO TestsToSteps VALUES(128,11,38,2,NULL);
INSERT INTO TestsToSteps VALUES(129,88,38,3,NULL);
INSERT INTO TestsToSteps VALUES(130,64,38,4,NULL);
INSERT INTO TestsToSteps VALUES(131,65,39,0,NULL);
INSERT INTO TestsToSteps VALUES(132,42,39,1,NULL);
INSERT INTO TestsToSteps VALUES(133,125,39,2,NULL);
INSERT INTO TestsToSteps VALUES(134,47,39,3,NULL);
INSERT INTO TestsToSteps VALUES(135,53,39,4,NULL);
INSERT INTO TestsToSteps VALUES(136,23,40,0,NULL);
INSERT INTO TestsToSteps VALUES(137,19,40,1,NULL);
INSERT INTO TestsToSteps VALUES(138,20,40,2,NULL);
INSERT INTO TestsToSteps VALUES(139,49,40,3,NULL);
INSERT INTO TestsToSteps VALUES(140,67,40,4,NULL);
INSERT INTO TestsToSteps VALUES(141,93,41,0,NULL);
INSERT INTO TestsToSteps VALUES(142,57,41,1,NULL);
INSERT INTO TestsToSteps VALUES(143,71,41,2,NULL);
INSERT INTO TestsToSteps VALUES(144,40,41,3,NULL);
INSERT INTO TestsToSteps VALUES(145,61,42,0,NULL);
INSERT INTO TestsToSteps VALUES(146,119,42,1,NULL);
INSERT INTO TestsToSteps VALUES(147,46,42,2,NULL);
INSERT INTO TestsToSteps VALUES(148,58,42,3,NULL);
INSERT INTO TestsToSteps VALUES(149,84,42,4,NULL);
INSERT INTO TestsToSteps VALUES(150,17,42,5,NULL);
INSERT INTO TestsToSteps VALUES(151,2,42,6,NULL);
INSERT INTO TestsToSteps VALUES(152,112,42,7,NULL);
INSERT INTO TestsToSteps VALUES(153,35,42,8,NULL);
INSERT INTO TestsToSteps VALUES(154,27,42,9,NULL);
INSERT INTO TestsToSteps VALUES(155,105,42,10,NULL);
INSERT INTO TestsToSteps VALUES(156,70,42,11,NULL);
INSERT INTO TestsToSteps VALUES(157,26,42,12,NULL);
INSERT INTO TestsToSteps VALUES(158,32,42,13,NULL);
INSERT INTO TestsToSteps VALUES(159,122,42,14,NULL);
INSERT INTO TestsToSteps VALUES(160,101,42,15,NULL);
INSERT INTO TestsToSteps VALUES(161,22,42,16,NULL);
INSERT INTO TestsToSteps VALUES(162,29,43,0,NULL);
INSERT INTO TestsToSteps VALUES(163,122,43,1,NULL);
INSERT INTO TestsToSteps VALUES(164,101,43,2,NULL);
INSERT INTO TestsToSteps VALUES(165,61,44,0,NULL);
INSERT INTO TestsToSteps VALUES(166,119,44,1,NULL);
INSERT INTO TestsToSteps VALUES(167,46,44,2,NULL);
INSERT INTO TestsToSteps VALUES(168,58,44,3,NULL);
INSERT INTO TestsToSteps VALUES(169,84,44,4,NULL);
INSERT INTO TestsToSteps VALUES(170,17,44,5,NULL);
INSERT INTO TestsToSteps VALUES(171,2,44,6,NULL);
INSERT INTO TestsToSteps VALUES(172,112,44,7,NULL);
INSERT INTO TestsToSteps VALUES(173,35,44,8,NULL);
INSERT INTO TestsToSteps VALUES(174,27,44,9,NULL);
INSERT INTO TestsToSteps VALUES(175,98,44,10,NULL);
INSERT INTO TestsToSteps VALUES(176,30,44,11,NULL);
INSERT INTO TestsToSteps VALUES(177,70,44,12,NULL);
INSERT INTO TestsToSteps VALUES(178,26,44,13,NULL);
INSERT INTO TestsToSteps VALUES(179,32,44,14,NULL);
INSERT INTO TestsToSteps VALUES(180,122,44,15,NULL);
INSERT INTO TestsToSteps VALUES(181,101,44,16,NULL);
INSERT INTO TestsToSteps VALUES(182,22,44,17,NULL);
INSERT INTO TestsToSteps VALUES(183,29,45,0,NULL);
INSERT INTO TestsToSteps VALUES(184,122,45,1,NULL);
INSERT INTO TestsToSteps VALUES(185,101,45,2,NULL);
INSERT INTO TestsToSteps VALUES(186,61,46,0,NULL);
INSERT INTO TestsToSteps VALUES(187,119,46,1,NULL);
INSERT INTO TestsToSteps VALUES(188,46,46,2,NULL);
INSERT INTO TestsToSteps VALUES(189,58,46,3,NULL);
INSERT INTO TestsToSteps VALUES(190,84,46,4,NULL);
INSERT INTO TestsToSteps VALUES(191,17,46,5,NULL);
INSERT INTO TestsToSteps VALUES(192,2,46,6,NULL);
INSERT INTO TestsToSteps VALUES(193,112,46,7,NULL);
INSERT INTO TestsToSteps VALUES(194,35,46,8,NULL);
INSERT INTO TestsToSteps VALUES(195,27,46,9,NULL);
INSERT INTO TestsToSteps VALUES(196,98,46,10,NULL);
INSERT INTO TestsToSteps VALUES(197,30,46,11,NULL);
INSERT INTO TestsToSteps VALUES(198,70,46,12,NULL);
INSERT INTO TestsToSteps VALUES(199,26,46,13,NULL);
INSERT INTO TestsToSteps VALUES(200,32,46,14,NULL);
INSERT INTO TestsToSteps VALUES(201,122,46,15,NULL);
INSERT INTO TestsToSteps VALUES(202,101,46,16,NULL);
INSERT INTO TestsToSteps VALUES(203,22,46,17,NULL);
INSERT INTO TestsToSteps VALUES(204,29,47,0,NULL);
INSERT INTO TestsToSteps VALUES(205,122,47,1,NULL);
INSERT INTO TestsToSteps VALUES(206,101,47,2,NULL);
INSERT INTO TestsToSteps VALUES(207,61,49,0,NULL);
INSERT INTO TestsToSteps VALUES(208,62,49,1,NULL);
INSERT INTO TestsToSteps VALUES(209,21,49,2,NULL);
INSERT INTO TestsToSteps VALUES(210,73,49,3,NULL);
INSERT INTO TestsToSteps VALUES(211,6,49,4,NULL);
INSERT INTO TestsToSteps VALUES(212,109,49,5,NULL);
INSERT INTO TestsToSteps VALUES(213,8,49,6,NULL);
INSERT INTO TestsToSteps VALUES(214,116,50,0,NULL);
INSERT INTO TestsToSteps VALUES(215,87,51,0,NULL);
INSERT INTO TestsToSteps VALUES(216,118,51,1,NULL);
INSERT INTO TestsToSteps VALUES(217,28,51,2,NULL);
INSERT INTO TestsToSteps VALUES(218,89,51,3,NULL);
INSERT INTO TestsToSteps VALUES(219,37,51,4,NULL);
INSERT INTO TestsToSteps VALUES(220,14,51,5,NULL);
INSERT INTO TestsToSteps VALUES(221,100,51,6,NULL);
INSERT INTO TestsToSteps VALUES(222,5,51,7,NULL);
INSERT INTO TestsToSteps VALUES(223,18,51,8,NULL);
INSERT INTO TestsToSteps VALUES(224,10,51,9,NULL);
INSERT INTO TestsToSteps VALUES(225,63,51,10,NULL);
INSERT INTO TestsToSteps VALUES(226,74,51,11,NULL);
INSERT INTO TestsToSteps VALUES(227,12,51,12,NULL);
INSERT INTO TestsToSteps VALUES(228,116,52,0,NULL);
INSERT INTO TestsToSteps VALUES(229,87,53,0,NULL);
INSERT INTO TestsToSteps VALUES(230,108,53,1,NULL);
INSERT INTO TestsToSteps VALUES(231,28,53,2,NULL);
INSERT INTO TestsToSteps VALUES(232,10,53,3,NULL);
INSERT INTO TestsToSteps VALUES(233,74,53,4,NULL);
INSERT INTO TestsToSteps VALUES(234,12,53,5,NULL);
INSERT INTO TestsToSteps VALUES(235,116,54,0,NULL);
INSERT INTO TestsToSteps VALUES(236,87,55,0,NULL);
INSERT INTO TestsToSteps VALUES(237,124,55,1,NULL);
INSERT INTO TestsToSteps VALUES(238,81,55,2,NULL);
INSERT INTO TestsToSteps VALUES(239,28,55,3,NULL);
INSERT INTO TestsToSteps VALUES(240,10,55,4,NULL);
INSERT INTO TestsToSteps VALUES(241,12,55,5,NULL);
INSERT INTO TestsToSteps VALUES(242,116,56,0,NULL);
INSERT INTO TestsToSteps VALUES(243,87,57,0,NULL);
INSERT INTO TestsToSteps VALUES(244,118,57,1,NULL);
INSERT INTO TestsToSteps VALUES(245,28,57,2,NULL);
INSERT INTO TestsToSteps VALUES(246,89,57,3,NULL);
INSERT INTO TestsToSteps VALUES(247,51,57,4,NULL);
INSERT INTO TestsToSteps VALUES(248,75,57,5,NULL);
INSERT INTO TestsToSteps VALUES(249,102,57,6,NULL);
INSERT INTO TestsToSteps VALUES(250,14,57,7,NULL);
INSERT INTO TestsToSteps VALUES(251,100,57,8,NULL);
INSERT INTO TestsToSteps VALUES(252,5,57,9,NULL);
INSERT INTO TestsToSteps VALUES(253,18,57,10,NULL);
INSERT INTO TestsToSteps VALUES(254,10,57,11,NULL);
INSERT INTO TestsToSteps VALUES(255,18,57,12,NULL);
INSERT INTO TestsToSteps VALUES(256,12,57,13,NULL);
CREATE TABLE IF NOT EXISTS "TestStepParameters" (
	`Id`	INTEGER PRIMARY KEY AUTOINCREMENT,
	`TestStepId`	INTEGER,
	`TestId`	INTEGER,
        `Value`         TEXT,
        `ParamOrder`    TEXT
);
INSERT INTO TestStepParameters VALUES(1,29,NULL,'2.16.840.1.101.3.6.7','0');
INSERT INTO TestStepParameters VALUES(2,30,NULL,'2.16.840.1.101.3.6.6','0');
INSERT INTO TestStepParameters VALUES(3,30,NULL,'1.3.6.1.1.16.4','1');
INSERT INTO TestStepParameters VALUES(4,37,NULL,'2.16.840.1.101.3.2.1.48.11','0');
INSERT INTO TestStepParameters VALUES(5,51,NULL,'2.16.840.1.101.3.2.1.48.13','0');
INSERT INTO TestStepParameters VALUES(6,63,NULL,'2.16.840.1.101.3.6.6','0');
INSERT INTO TestStepParameters VALUES(7,63,NULL,'1.3.6.1.1.16.4','1');
INSERT INTO TestStepParameters VALUES(8,74,NULL,'15','0');
INSERT INTO TestStepParameters VALUES(9,80,NULL,'2.16.840.1.101.3.2.1.48.86','0');
INSERT INTO TestStepParameters VALUES(10,102,NULL,'2.16.840.1.101.3.6.8','0');
CREATE TABLE IF NOT EXISTS "TestCases" (
	`Id`	INTEGER PRIMARY KEY AUTOINCREMENT,
        `TestGroup`         TEXT,
	`TestCaseIdentifier`	TEXT,
        `TestCaseDescription`   TEXT,
        `Status`        INTEGER,
        `ExpectedStatus` INTEGER,
        `Enabled`   INTEGER
);
INSERT INTO TestCases VALUES(1,NULL,'8.1','Confirm that CCC of PIV card Applet conforms to SP800-73 Appendix A',NULL,1,1);
INSERT INTO TestCases VALUES(2,NULL,'8.2','Confirm that CHUID Data Object conforms to SP800-73 Appendix A',NULL,1,1);
INSERT INTO TestCases VALUES(3,NULL,'8.3','Confirm that X509 Cert for PIV Authentication data object conforms to SP800-73 Appendix A',NULL,1,1);
INSERT INTO TestCases VALUES(4,NULL,'8.4','Confirm that Card Holder Fingerprints data object conforms to SP800-73 Appendix A',NULL,1,1);
INSERT INTO TestCases VALUES(5,NULL,'8.5','Confirm that Printed Information data object conforms to SP800-73 Appendix A',NULL,1,1);
INSERT INTO TestCases VALUES(6,NULL,'8.6','Confirm that Card Holder Facial Image data object conforms to SP800-73 Appendix A',NULL,1,1);
INSERT INTO TestCases VALUES(7,NULL,'8.7','Confirm that X509 Cert for Digital Signature data object conforms to SP800-73 Appendix A',NULL,1,1);
INSERT INTO TestCases VALUES(8,NULL,'8.8','Confirm that X509 Cert for Key Management data object conforms to SP800-73 Appendix A',NULL,1,1);
INSERT INTO TestCases VALUES(9,NULL,'8.9','Confirm that X509 Cert for Card Authentication data object conforms to SP800-73 Appendix A',NULL,1,1);
INSERT INTO TestCases VALUES(10,NULL,'8.10','Confirm that Security Object data object conforms to SP800-73 Appendix A',NULL,1,1);
INSERT INTO TestCases VALUES(11,NULL,'9.1.1','Validate that CBEFF structure conforms to SP800-76 Table 7',NULL,1,1);
INSERT INTO TestCases VALUES(12,NULL,'9.1.2.1','Validate that the CBEFF field “Patron Header Version” complies with SP80076 Table 8',NULL,1,1);
INSERT INTO TestCases VALUES(13,NULL,'9.1.2.2','Validate that the biometric data block is signed but not encrypted',NULL,1,1);
INSERT INTO TestCases VALUES(14,NULL,'9.1.2.3','Validate that BDB Format Owner is set to a value of 0x001B denoting M1, the INCITS Technical Committee on Biometrics.',NULL,1,1);
INSERT INTO TestCases VALUES(15,NULL,'9.1.2.4','Validate that for mandatory fingerprint minutiae template data stored on a PIV card, the BDB Format Type is set to a value of 0x0201',NULL,1,1);
INSERT INTO TestCases VALUES(16,NULL,'9.1.2.5','Validate that that the creation date in the PIV Patron Format is encoded in 8 bytes using a binary representation of “YYYYMMDDhhmmssZ”',NULL,1,1);
INSERT INTO TestCases VALUES(17,NULL,'9.1.2.6','Validate date encoding on Validity Period in PIV Patron Format',NULL,1,1);
INSERT INTO TestCases VALUES(18,NULL,'9.1.2.7','Valdiate that that Biometric Type has the value 0x000008',NULL,1,1);
INSERT INTO TestCases VALUES(19,NULL,'9.1.2.8','Validate that for the mandatory minutia PIV card templates, the CBEFF biometric data type encoding value shall be b100xxxxx, which corresponds to biometric data that has been processed.',NULL,1,1);
INSERT INTO TestCases VALUES(20,NULL,'9.1.2.9','Validate that the biometric quality field carries valid values',NULL,1,1);
INSERT INTO TestCases VALUES(21,NULL,'9.1.2.10','Validate that that the Creator field in the PIV Patron Format contains 18 bytes of which the first K <= 17 bytes shall be ASCII characters, and the first of the remaining 18-K shall be a null terminator (zero)',NULL,1,1);
INSERT INTO TestCases VALUES(22,NULL,'9.1.2.11','Validate that FASC-N field in the PIV Patron Format contains the same 25 bytes as the FASC-N component of the CHUID identifier',NULL,1,1);
INSERT INTO TestCases VALUES(23,NULL,'9.1.2.12','Validate that the “Reserved for Future Use” field is equal to 0x00000000',NULL,1,1);
INSERT INTO TestCases VALUES(24,NULL,'9.2.1','Valdiate that the CBEFF structure generated complies with SP800-76 Table 7, “Simple CBEFF Structure”',NULL,1,1);
INSERT INTO TestCases VALUES(25,NULL,'9.2.2.1','Validate the CBEFF field “Patron Header Version” complies with SP80076 Table 8, “Patron Format PIV Specification”',NULL,1,1);
INSERT INTO TestCases VALUES(26,NULL,'9.2.2.2','Validate that the biometric data block is signed but not encrypted',NULL,1,1);
INSERT INTO TestCases VALUES(27,NULL,'9.2.2.3','Validate that BDB Format Owner is set to a value of 0x001B denoting M1, the INCITS Technical Committee on Biometrics.',NULL,1,1);
INSERT INTO TestCases VALUES(28,NULL,'9.2.2.4','Validate that for optional facial image data stored on a PIV card, the BDB Format Type is set to a value of 0x0501',NULL,1,1);
INSERT INTO TestCases VALUES(29,NULL,'9.2.2.5','Validate that that the creation date in the PIV Patron Format is encoded in 8 bytes using a binary representation of “YYYYMMDDhhmmssZ”',NULL,1,1);
INSERT INTO TestCases VALUES(30,NULL,'9.2.2.6','Validate date encoding on Validity Period in PIV Patron Format',NULL,1,1);
INSERT INTO TestCases VALUES(31,NULL,'9.2.2.7','Validate that Biometric Type has the value 0x000002',NULL,1,1);
INSERT INTO TestCases VALUES(32,NULL,'9.2.2.8','Validate that the CBEFF biometric data type encoding value shall be b001xxxxx, which corresponds to the raw biometric data',NULL,1,1);
INSERT INTO TestCases VALUES(33,NULL,'9.2.2.9','Validate that the biometric quality field carries valid values',NULL,1,1);
INSERT INTO TestCases VALUES(34,NULL,'9.2.2.10','Validate that that the Creator field in the PIV Patron Format contains 18 bytes of which the first K <= 17 bytes shall be ASCII characters, and the first of the remaining 18-K shall be a null terminator (zero)',NULL,1,1);
INSERT INTO TestCases VALUES(35,NULL,'9.2.2.11','Validate that FASC-N field in the PIV Patron Format contains the same 25 bytes as the FASC-N component of the CHUID identifier',NULL,1,1);
INSERT INTO TestCases VALUES(36,NULL,'9.2.2.12','Validate that the “Reserved for Future Use” field is equal to 0x00000000',NULL,1,1);
INSERT INTO TestCases VALUES(37,NULL,'9.3.1','Validate that the General Record Header of the fingerprint template conforms to specifications in Table 3 of SP80076',NULL,1,1);
INSERT INTO TestCases VALUES(38,NULL,'9.3.2','Validate that the View Header of the BDB conforms to Table 3 of SP800-76',NULL,1,1);
INSERT INTO TestCases VALUES(39,NULL,'9.3.3','Validate that each instance of Fingerprint Minutiae data conforms to specifications in Table 3 of SP800-76',NULL,1,1);
INSERT INTO TestCases VALUES(40,NULL,'9.4.1','Validate that the Record Header of the facial image is conformant to the PIV profile presented in Table 6 of SP800-76',NULL,1,1);
INSERT INTO TestCases VALUES(41,NULL,'9.4.2','Validate that the Facial Image Instance is conformant to the PIV profile presented in Table 6',NULL,1,1);
INSERT INTO TestCases VALUES(42,NULL,'10.1.1','Validate that CHUID buffer contains a valid CMS signature',NULL,1,1);
INSERT INTO TestCases VALUES(43,NULL,'10.1.2','Verify that the certificate used to sign the CHUID is acceptable',NULL,1,1);
INSERT INTO TestCases VALUES(44,NULL,'10.2.1','Validate that Fingerprint biometric data contains a valid CMS signature',NULL,1,1);
INSERT INTO TestCases VALUES(45,NULL,'10.2.2','Verify that the certificate used to sign the fingerprint data is acceptable',NULL,1,1);
INSERT INTO TestCases VALUES(46,NULL,'10.3.1','Validate that Facial image biometric data contains a valid CMS signature',NULL,1,1);
INSERT INTO TestCases VALUES(47,NULL,'10.3.2','Verify that the certificate used to sign the Facial Image data is acceptable',NULL,1,1);
INSERT INTO TestCases VALUES(48,NULL,'10.4.1','Verify data integrity of security object',NULL,1,1);
INSERT INTO TestCases VALUES(49,NULL,'10.4.2','Verify digital signature over security object',NULL,1,1);
INSERT INTO TestCases VALUES(50,NULL,'11.1.1','Verify algorithm compliance of PIV auth certificate',NULL,1,1);
INSERT INTO TestCases VALUES(51,NULL,'11.1.2','Verify data integrity of PIV auth certificate',NULL,1,1);
INSERT INTO TestCases VALUES(52,NULL,'11.2.1','Verify algorithm compliance of Digital Signature certificate',NULL,1,1);
INSERT INTO TestCases VALUES(53,NULL,'11.2.2','Verify data integrity of Digital Signature certificate',NULL,1,1);
INSERT INTO TestCases VALUES(54,NULL,'11.3.1','Verify algorithm compliance of Key Management Certificate',NULL,1,1);
INSERT INTO TestCases VALUES(55,NULL,'11.3.2','Verify data integrity of Key Management Certificate',NULL,1,1);
INSERT INTO TestCases VALUES(56,NULL,'11.4.1','Verify algorithm compliance of Card Authentication Certificate',NULL,1,1);
INSERT INTO TestCases VALUES(57,NULL,'11.4.2','Verify data integrity of Card Authentication Certificate',NULL,1,1);
CREATE TABLE IF NOT EXISTS "TestGroups" (
	`Id`	INTEGER PRIMARY KEY AUTOINCREMENT,
        `GroupDescription`   TEXT
);
CREATE TABLE IF NOT EXISTS "GroupsToTestCases" (
	`Id`	INTEGER PRIMARY KEY AUTOINCREMENT,
	`TestGroupId`	INTEGER,
	`TestCaseId`	INTEGER
);
CREATE TABLE IF NOT EXISTS "SystemSettings" (
	`Id`	INTEGER PRIMARY KEY AUTOINCREMENT,
	`ReaderName`	TEXT,
	`ApplicationPIN`	TEXT,
	`OutputDirectory`	TEXT,
	`SettingsGroup`	TEXT,
	`GPMasterKey`	TEXT
);
DELETE FROM sqlite_sequence;
INSERT INTO sqlite_sequence VALUES('TestSteps',125);
INSERT INTO sqlite_sequence VALUES('TestStepParameters',10);
INSERT INTO sqlite_sequence VALUES('TestCases',57);
INSERT INTO sqlite_sequence VALUES('TestsToSteps',256);
COMMIT;
